conjunto,metrica,iteracao,valor
learn,Logloss,0,0.5324890509846796
learn,Logloss,1,0.42083695992012676
learn,Logloss,2,0.3400761346238898
learn,Logloss,3,0.2692299698119666
learn,Logloss,4,0.20875873964350067
learn,Logloss,5,0.16770191945056384
learn,Logloss,6,0.13346178365450453
learn,Logloss,7,0.10755381688366311
learn,Logloss,8,0.0877658020692633
learn,Logloss,9,0.0748003070171895
learn,Logloss,10,0.06171512627898112
learn,Logloss,11,0.051259638992521166
learn,Logloss,12,0.044508203642459304
learn,Logloss,13,0.039159529955746834
learn,Logloss,14,0.03467749777487485
learn,Logloss,15,0.031150142147871478
learn,Logloss,16,0.02824894452942754
learn,Logloss,17,0.026168906457175758
learn,Logloss,18,0.024120401435775273
learn,Logloss,19,0.02234346608254915
learn,Logloss,20,0.020938171532870687
learn,Logloss,21,0.019847251698845783
learn,Logloss,22,0.018808888499113538
learn,Logloss,23,0.01820501744820082
learn,Logloss,24,0.017431407432712348
learn,Logloss,25,0.016768302477242102
learn,Logloss,26,0.01634734211851304
learn,Logloss,27,0.015828198979633543
learn,Logloss,28,0.015471392797476603
learn,Logloss,29,0.014873477055561971
learn,Logloss,30,0.014534088205254932
learn,Logloss,31,0.014268670640059733
learn,Logloss,32,0.013505545316569287
learn,Logloss,33,0.012960251451520088
learn,Logloss,34,0.012833393727974388
learn,Logloss,35,0.012394747313987103
learn,Logloss,36,0.01199512203421821
learn,Logloss,37,0.01156846797163884
learn,Logloss,38,0.011500875615170292
learn,Logloss,39,0.011210912504730235
learn,Logloss,40,0.011110305546876805
learn,Logloss,41,0.010824822684431018
learn,Logloss,42,0.010720022004432608
learn,Logloss,43,0.01067284494234241
learn,Logloss,44,0.010583902833165246
learn,Logloss,45,0.010526076565693286
learn,Logloss,46,0.010452940779091063
learn,Logloss,47,0.010395862056278583
learn,Logloss,48,0.010312896231018267
learn,Logloss,49,0.010207014294403953
learn,Logloss,50,0.010173091461176457
learn,Logloss,51,0.010142756036760146
learn,Logloss,52,0.010080911339813719
learn,Logloss,53,0.010038220413637456
learn,Logloss,54,0.009985403924602343
learn,Logloss,55,0.00996826279811567
learn,Logloss,56,0.009843402631364347
learn,Logloss,57,0.009680923799488306
learn,Logloss,58,0.009663624584988187
learn,Logloss,59,0.009629291437580699
learn,Logloss,60,0.00960785949706411
learn,Logloss,61,0.009577826249188048
learn,Logloss,62,0.009457168630249237
learn,Logloss,63,0.009424441834597832
learn,Logloss,64,0.009398712568871703
learn,Logloss,65,0.009365495051362364
learn,Logloss,66,0.009340640854293451
learn,Logloss,67,0.009312155666218546
learn,Logloss,68,0.009205928126456531
learn,Logloss,69,0.009188120556153794
learn,Logloss,70,0.009130818432811627
learn,Logloss,71,0.009051608635853263
learn,Logloss,72,0.009027793465044186
learn,Logloss,73,0.009011724554591934
learn,Logloss,74,0.008939695402774691
learn,Logloss,75,0.008920649936833922
learn,Logloss,76,0.008862294050295767
learn,Logloss,77,0.008811096713425729
learn,Logloss,78,0.008784217121809683
learn,Logloss,79,0.008686722563622512
learn,Logloss,80,0.008668286300722947
learn,Logloss,81,0.00863921603311579
learn,Logloss,82,0.0086183551389424
learn,Logloss,83,0.008606245089833571
learn,Logloss,84,0.008542307791068888
learn,Logloss,85,0.008531699703482854
learn,Logloss,86,0.00847027513055269
learn,Logloss,87,0.008457681422724536
learn,Logloss,88,0.008392129859429257
learn,Logloss,89,0.00836529972654246
learn,Logloss,90,0.008353525696591818
learn,Logloss,91,0.008274510088906041
learn,Logloss,92,0.008216551017408327
learn,Logloss,93,0.008193377212247867
learn,Logloss,94,0.008156268764485615
learn,Logloss,95,0.008146257208064042
learn,Logloss,96,0.00813567036241973
learn,Logloss,97,0.008117448221339344
learn,Logloss,98,0.00808370131243021
learn,Logloss,99,0.008056951990096931
learn,Logloss,100,0.008037274015284835
learn,Logloss,101,0.00796382942863273
learn,Logloss,102,0.007946764752985988
learn,Logloss,103,0.007934682767322
learn,Logloss,104,0.007924105700739413
learn,Logloss,105,0.00789420660598125
learn,Logloss,106,0.007867316553127064
learn,Logloss,107,0.00785080080923319
learn,Logloss,108,0.007840531266533021
learn,Logloss,109,0.007821590625352462
learn,Logloss,110,0.007815384307962787
learn,Logloss,111,0.007758090676636667
learn,Logloss,112,0.007699464776245845
learn,Logloss,113,0.0076896053528973775
learn,Logloss,114,0.0076796486690952894
learn,Logloss,115,0.007647329600098269
learn,Logloss,116,0.0076296582457696435
learn,Logloss,117,0.007624868526615583
learn,Logloss,118,0.00756320292419212
learn,Logloss,119,0.0075512678066605166
learn,Logloss,120,0.007493188999607002
learn,Logloss,121,0.007457541764465759
learn,Logloss,122,0.007446808167129648
learn,Logloss,123,0.007433712189185708
learn,Logloss,124,0.00742506265739677
learn,Logloss,125,0.007378023705974271
learn,Logloss,126,0.007369359656220772
learn,Logloss,127,0.007323750446269544
learn,Logloss,128,0.007279523871251526
learn,Logloss,129,0.0072542562450808356
learn,Logloss,130,0.007236164776458474
learn,Logloss,131,0.007222411759531977
learn,Logloss,132,0.007213243422964406
learn,Logloss,133,0.007202109556144823
learn,Logloss,134,0.0071633650999303605
learn,Logloss,135,0.007151664769714705
learn,Logloss,136,0.0071390185140131
learn,Logloss,137,0.007132687345354169
learn,Logloss,138,0.007102574504593957
learn,Logloss,139,0.007096018469094385
learn,Logloss,140,0.007062833453519347
learn,Logloss,141,0.007053881166120108
learn,Logloss,142,0.007009484260394112
learn,Logloss,143,0.006998712402589755
learn,Logloss,144,0.0069584368861555
learn,Logloss,145,0.006938310501121116
learn,Logloss,146,0.006906263172818939
learn,Logloss,147,0.006891450943111271
learn,Logloss,148,0.00688426864671877
learn,Logloss,149,0.006874669984881933
learn,Logloss,150,0.0068640763484320785
learn,Logloss,151,0.006835308715364255
learn,Logloss,152,0.006808754788550143
learn,Logloss,153,0.006803278486382726
learn,Logloss,154,0.006796932321351907
learn,Logloss,155,0.006763166317912887
learn,Logloss,156,0.006755498744369187
learn,Logloss,157,0.006736204380913491
learn,Logloss,158,0.006730609807817051
learn,Logloss,159,0.006710491687829498
learn,Logloss,160,0.006704669008961834
learn,Logloss,161,0.006680612231304913
learn,Logloss,162,0.00667263307368219
learn,Logloss,163,0.006646613360755713
learn,Logloss,164,0.00663833561277562
learn,Logloss,165,0.006630951588481131
learn,Logloss,166,0.006625156400786809
learn,Logloss,167,0.006621095384868705
learn,Logloss,168,0.006608488336313004
learn,Logloss,169,0.006594878792343975
learn,Logloss,170,0.006578609680171747
learn,Logloss,171,0.006565333694983345
learn,Logloss,172,0.006555096045626061
learn,Logloss,173,0.006540789896418957
learn,Logloss,174,0.0065353751653176246
learn,Logloss,175,0.006527249445366752
learn,Logloss,176,0.006521232566052679
learn,Logloss,177,0.006512677938170965
learn,Logloss,178,0.006495252313215758
learn,Logloss,179,0.006486118256924013
learn,Logloss,180,0.006465270670928112
learn,Logloss,181,0.006459738093563601
learn,Logloss,182,0.006455529806832569
learn,Logloss,183,0.006450606226119352
learn,Logloss,184,0.006417121985366504
learn,Logloss,185,0.0064025950563443845
learn,Logloss,186,0.006398784910225665
learn,Logloss,187,0.006395024910423943
learn,Logloss,188,0.006384574502600364
learn,Logloss,189,0.006362732439654448
learn,Logloss,190,0.006336055799157268
learn,Logloss,191,0.006332673365775226
learn,Logloss,192,0.006326042699581028
learn,Logloss,193,0.006303427393588071
learn,Logloss,194,0.0063007650391220535
learn,Logloss,195,0.006272774746925725
learn,Logloss,196,0.006265998248411234
learn,Logloss,197,0.006259226605423216
learn,Logloss,198,0.0062536867127310014
learn,Logloss,199,0.006242939006157965
learn,Logloss,200,0.006233938036828762
learn,Logloss,201,0.0062298319011578
learn,Logloss,202,0.006227801004636552
learn,Logloss,203,0.006206793536970336
learn,Logloss,204,0.00619216418699639
learn,Logloss,205,0.0061775381591737625
learn,Logloss,206,0.006162353483652597
learn,Logloss,207,0.006148115162435216
learn,Logloss,208,0.006119066098647631
learn,Logloss,209,0.006108033112740235
learn,Logloss,210,0.0061011616366882975
learn,Logloss,211,0.006093633020677002
learn,Logloss,212,0.006088835761498136
learn,Logloss,213,0.006083764890383474
learn,Logloss,214,0.006078300939224669
learn,Logloss,215,0.006066971760139189
learn,Logloss,216,0.0060634399118194605
learn,Logloss,217,0.00604424469206223
learn,Logloss,218,0.006040283452164983
learn,Logloss,219,0.006029664334731495
learn,Logloss,220,0.006018295618586857
learn,Logloss,221,0.006013508907966585
learn,Logloss,222,0.006009946297426095
learn,Logloss,223,0.005984448127323652
learn,Logloss,224,0.005980761591492393
learn,Logloss,225,0.005977012293972949
learn,Logloss,226,0.005963760847393914
learn,Logloss,227,0.005945247241227135
learn,Logloss,228,0.005940145455259307
learn,Logloss,229,0.005937558754653548
learn,Logloss,230,0.005933951814025433
learn,Logloss,231,0.0059296062185490985
learn,Logloss,232,0.005917229165219197
learn,Logloss,233,0.005913556761634857
learn,Logloss,234,0.005896853291939968
learn,Logloss,235,0.00588632750021495
learn,Logloss,236,0.005881390069662577
learn,Logloss,237,0.005875873748299187
learn,Logloss,238,0.005868477825423386
learn,Logloss,239,0.005866255067611699
learn,Logloss,240,0.005862443724688628
learn,Logloss,241,0.005858250986267556
learn,Logloss,242,0.00585345813625674
learn,Logloss,243,0.005840185752741628
learn,Logloss,244,0.005830600291499543
learn,Logloss,245,0.0058209107783455715
learn,Logloss,246,0.005806863794172388
learn,Logloss,247,0.0058001365687196105
learn,Logloss,248,0.005779971477751958
learn,Logloss,249,0.0057685935046136155
learn,Logloss,250,0.005762683916112336
learn,Logloss,251,0.005759706778237735
learn,Logloss,252,0.005755712580877959
learn,Logloss,253,0.00575089873023376
learn,Logloss,254,0.005748374826379251
learn,Logloss,255,0.005746007510584177
learn,Logloss,256,0.005742611250946179
learn,Logloss,257,0.005730676179253776
learn,Logloss,258,0.00572707928825159
learn,Logloss,259,0.005720335286659762
learn,Logloss,260,0.005707908563799068
learn,Logloss,261,0.005694959001202272
learn,Logloss,262,0.005691650125370811
learn,Logloss,263,0.005671174986787922
learn,Logloss,264,0.005660007130107962
learn,Logloss,265,0.005642812800159106
learn,Logloss,266,0.005640791458374306
learn,Logloss,267,0.005636337773846443
learn,Logloss,268,0.005631540471991914
learn,Logloss,269,0.005618801089476315
learn,Logloss,270,0.005602013781370955
learn,Logloss,271,0.005591506780144334
learn,Logloss,272,0.005588150833972589
learn,Logloss,273,0.005579976309060475
learn,Logloss,274,0.005577245736009642
learn,Logloss,275,0.005570333174355975
learn,Logloss,276,0.005567075990183024
learn,Logloss,277,0.0055597309221811575
learn,Logloss,278,0.005553354489199622
learn,Logloss,279,0.00555068976561265
learn,Logloss,280,0.005537708521335638
learn,Logloss,281,0.005519925826800211
learn,Logloss,282,0.005516021798876208
learn,Logloss,283,0.0054970912050577156
learn,Logloss,284,0.005491369539511989
learn,Logloss,285,0.005488424508792773
learn,Logloss,286,0.005483314439750674
learn,Logloss,287,0.0054769570704313614
learn,Logloss,288,0.005474235686279253
learn,Logloss,289,0.005467715972975991
learn,Logloss,290,0.0054624820552309624
learn,Logloss,291,0.005460630540061064
learn,Logloss,292,0.0054481311365571754
learn,Logloss,293,0.005442066427967716
learn,Logloss,294,0.0054371637185447715
learn,Logloss,295,0.005423697953417088
learn,Logloss,296,0.00541935498815871
learn,Logloss,297,0.005416505205844969
learn,Logloss,298,0.005410725052545742
learn,Logloss,299,0.00539956523457148
learn,Logloss,300,0.005396724391131646
learn,Logloss,301,0.005388942244851727
learn,Logloss,302,0.005377428171043416
learn,Logloss,303,0.005373502167660118
learn,Logloss,304,0.005363848923007438
learn,Logloss,305,0.005361771180673974
learn,Logloss,306,0.005350108812022405
learn,Logloss,307,0.005342160225205829
learn,Logloss,308,0.005339553802196405
learn,Logloss,309,0.005337182603933528
learn,Logloss,310,0.005332048338225336
learn,Logloss,311,0.005320271120949511
learn,Logloss,312,0.0053165735715318685
learn,Logloss,313,0.005312151965129397
learn,Logloss,314,0.005309898400918982
learn,Logloss,315,0.00530753626435682
learn,Logloss,316,0.005300655272831284
learn,Logloss,317,0.005297941076230807
learn,Logloss,318,0.0052946288884155
learn,Logloss,319,0.005289345714063852
learn,Logloss,320,0.005285864372012029
learn,Logloss,321,0.005281618716738339
learn,Logloss,322,0.005276761308909108
learn,Logloss,323,0.005269463973277212
learn,Logloss,324,0.005259639241660638
learn,Logloss,325,0.0052547001903404745
learn,Logloss,326,0.005252928843045006
learn,Logloss,327,0.005250568901343062
learn,Logloss,328,0.005247962361208364
learn,Logloss,329,0.005245737790802268
learn,Logloss,330,0.005243762340081101
learn,Logloss,331,0.005241120948911755
learn,Logloss,332,0.005232310604482405
learn,Logloss,333,0.005230676297554088
learn,Logloss,334,0.0052269521982645445
learn,Logloss,335,0.0052248013497048365
learn,Logloss,336,0.005219618123861952
learn,Logloss,337,0.005216801440519606
learn,Logloss,338,0.00521481933309132
learn,Logloss,339,0.005212166710369651
learn,Logloss,340,0.005209091401940786
learn,Logloss,341,0.0052076007209182025
learn,Logloss,342,0.005198546844555443
learn,Logloss,343,0.005192942784633853
learn,Logloss,344,0.005187397607790184
learn,Logloss,345,0.005181122331086656
learn,Logloss,346,0.005177104972399641
learn,Logloss,347,0.005174613070196484
learn,Logloss,348,0.005170273549280025
learn,Logloss,349,0.005165735783257765
learn,Logloss,350,0.005161264808672644
learn,Logloss,351,0.005154988005228383
learn,Logloss,352,0.005150973053489939
learn,Logloss,353,0.005148635493463492
learn,Logloss,354,0.005145952655231153
learn,Logloss,355,0.005143769884889891
learn,Logloss,356,0.005135857998018824
learn,Logloss,357,0.005128314081239473
learn,Logloss,358,0.005126680012072698
learn,Logloss,359,0.005119523299338719
learn,Logloss,360,0.005117117827284915
learn,Logloss,361,0.005115264438748643
learn,Logloss,362,0.005112966405013355
learn,Logloss,363,0.005111602358777658
learn,Logloss,364,0.005105418777242277
learn,Logloss,365,0.0051022097220637585
learn,Logloss,366,0.00509685104970014
learn,Logloss,367,0.005095617823154369
learn,Logloss,368,0.005093898055757934
learn,Logloss,369,0.005091750482146161
learn,Logloss,370,0.005088998248383424
learn,Logloss,371,0.005086897180244852
learn,Logloss,372,0.005080305905905029
learn,Logloss,373,0.005078362840006052
learn,Logloss,374,0.005076172697751134
learn,Logloss,375,0.005074759151446227
learn,Logloss,376,0.005068709081399975
learn,Logloss,377,0.005065738482241417
learn,Logloss,378,0.005062554032562159
learn,Logloss,379,0.00505943587339697
learn,Logloss,380,0.005057683902537523
learn,Logloss,381,0.005056481339739041
learn,Logloss,382,0.005054102204402395
learn,Logloss,383,0.00505203695927596
learn,Logloss,384,0.005050698979067831
learn,Logloss,385,0.005048038856485251
learn,Logloss,386,0.005046484712561013
learn,Logloss,387,0.005043936928790843
learn,Logloss,388,0.005042953422957125
learn,Logloss,389,0.005038827463270682
learn,Logloss,390,0.005035969379789574
learn,Logloss,391,0.0050332269763952425
learn,Logloss,392,0.005029889859618244
learn,Logloss,393,0.005026434026388752
learn,Logloss,394,0.005024433371689106
learn,Logloss,395,0.005021292233856647
learn,Logloss,396,0.00501703557369459
learn,Logloss,397,0.005015701991084687
learn,Logloss,398,0.005013887150408744
learn,Logloss,399,0.005011019374462066
learn,Logloss,400,0.00500328715031007
learn,Logloss,401,0.005001206321650611
learn,Logloss,402,0.004999216524979269
learn,Logloss,403,0.004994113762113604
learn,Logloss,404,0.004987177090590378
learn,Logloss,405,0.004985025786243665
learn,Logloss,406,0.004983973557363095
learn,Logloss,407,0.0049813552411710005
learn,Logloss,408,0.004978333898770633
learn,Logloss,409,0.004977084376799272
learn,Logloss,410,0.0049752560207074175
learn,Logloss,411,0.004973320029962277
learn,Logloss,412,0.004968741079964994
learn,Logloss,413,0.004967520476737892
learn,Logloss,414,0.0049666237317796584
learn,Logloss,415,0.004965144426757075
learn,Logloss,416,0.004963576087130768
learn,Logloss,417,0.004959420616058879
learn,Logloss,418,0.004958468637461882
learn,Logloss,419,0.004956704505699041
learn,Logloss,420,0.004955537434029018
learn,Logloss,421,0.004946844989306586
learn,Logloss,422,0.004944084162610346
learn,Logloss,423,0.00494172725573579
learn,Logloss,424,0.004929264538707964
learn,Logloss,425,0.0049188246159078365
learn,Logloss,426,0.004911436259405867
learn,Logloss,427,0.004902127608797354
learn,Logloss,428,0.004899472578839913
learn,Logloss,429,0.004889097651721794
learn,Logloss,430,0.004886285175267181
learn,Logloss,431,0.004881857546465909
learn,Logloss,432,0.004878412565275337
learn,Logloss,433,0.004872234001201119
learn,Logloss,434,0.004871028585234187
learn,Logloss,435,0.004864900809162405
learn,Logloss,436,0.004863182006773464
learn,Logloss,437,0.004858477876738809
learn,Logloss,438,0.004852956880187761
learn,Logloss,439,0.004851840412309219
learn,Logloss,440,0.0048504925956762476
learn,Logloss,441,0.004842423486489866
learn,Logloss,442,0.0048416134542621225
learn,Logloss,443,0.004836952640298953
learn,Logloss,444,0.004834304688821855
learn,Logloss,445,0.004829795723121833
learn,Logloss,446,0.00482751890806728
learn,Logloss,447,0.004822420492875392
learn,Logloss,448,0.004821410225686868
learn,Logloss,449,0.00481758997750996
learn,Logloss,450,0.004816556795149782
learn,Logloss,451,0.004812691776105452
learn,Logloss,452,0.004809481581629682
learn,Logloss,453,0.0048071912648268225
learn,Logloss,454,0.004806721857488147
learn,Logloss,455,0.004803235507810239
learn,Logloss,456,0.004802517221252849
learn,Logloss,457,0.004800491085204006
learn,Logloss,458,0.0047838808439690525
learn,Logloss,459,0.004782685486704347
learn,Logloss,460,0.004778006090363797
learn,Logloss,461,0.004773906682957607
learn,Logloss,462,0.004767000707645212
learn,Logloss,463,0.004763848264972166
learn,Logloss,464,0.004759578702747225
learn,Logloss,465,0.004757351832097539
learn,Logloss,466,0.0047545440713069355
learn,Logloss,467,0.004748216808433419
learn,Logloss,468,0.004744216812360335
learn,Logloss,469,0.004742113377573814
learn,Logloss,470,0.004739230227625171
learn,Logloss,471,0.004737602061350959
learn,Logloss,472,0.0047369511441683835
learn,Logloss,473,0.004732084628350961
learn,Logloss,474,0.0047262836814772795
learn,Logloss,475,0.004711948254754935
learn,Logloss,476,0.004707427990845747
learn,Logloss,477,0.004692481329446566
learn,Logloss,478,0.00468014422666563
learn,Logloss,479,0.004676176948307611
learn,Logloss,480,0.004666671450874263
learn,Logloss,481,0.00466541526585956
learn,Logloss,482,0.004660678341961296
learn,Logloss,483,0.004651877183196847
learn,Logloss,484,0.004650293851575159
learn,Logloss,485,0.0046434543323675736
learn,Logloss,486,0.0046407599076016826
learn,Logloss,487,0.004636476579184706
learn,Logloss,488,0.004629466511944465
learn,Logloss,489,0.004628735485204713
learn,Logloss,490,0.004625725834815414
learn,Logloss,491,0.004620801611602462
learn,Logloss,492,0.004618500702702569
learn,Logloss,493,0.004617375283051189
learn,Logloss,494,0.004612319767499202
learn,Logloss,495,0.0046098145980156295
learn,Logloss,496,0.004607809528024675
learn,Logloss,497,0.004606152613264761
learn,Logloss,498,0.004601653983466263
learn,Logloss,499,0.0046010928981171555
learn,Logloss,500,0.004600424063567949
learn,Logloss,501,0.004597477787682866
learn,Logloss,502,0.004595787273969024
learn,Logloss,503,0.004594009176154892
learn,Logloss,504,0.004593232331785106
learn,Logloss,505,0.0045920986571402886
learn,Logloss,506,0.004591324087036481
learn,Logloss,507,0.004582521537836218
learn,Logloss,508,0.004580557689662456
learn,Logloss,509,0.004579736409566202
learn,Logloss,510,0.004577961528459697
learn,Logloss,511,0.004576056695682735
learn,Logloss,512,0.0045682204738057095
learn,Logloss,513,0.004564139565337844
learn,Logloss,514,0.004562731323446221
learn,Logloss,515,0.004560772700023218
learn,Logloss,516,0.004558521573200789
learn,Logloss,517,0.004554702286752603
learn,Logloss,518,0.004553241187722433
learn,Logloss,519,0.004546210753405044
learn,Logloss,520,0.0045453688398227965
learn,Logloss,521,0.004544123542603506
learn,Logloss,522,0.004540205618616139
learn,Logloss,523,0.00453924997478202
learn,Logloss,524,0.0045354840124063305
learn,Logloss,525,0.004534273454950755
learn,Logloss,526,0.00453280387672594
learn,Logloss,527,0.004527814745857037
learn,Logloss,528,0.004521465910417989
learn,Logloss,529,0.0045196710193700805
learn,Logloss,530,0.0045181130028221494
learn,Logloss,531,0.004516880359268922
learn,Logloss,532,0.004515297810403343
learn,Logloss,533,0.004513203819533801
learn,Logloss,534,0.004507487858537828
learn,Logloss,535,0.004505642904230625
learn,Logloss,536,0.00450481673905689
learn,Logloss,537,0.004503862013921733
learn,Logloss,538,0.004501306127621628
learn,Logloss,539,0.004500236119385654
learn,Logloss,540,0.004490752648829919
learn,Logloss,541,0.004488289424426603
learn,Logloss,542,0.004487407754617245
learn,Logloss,543,0.004485485158379642
learn,Logloss,544,0.004481952904473527
learn,Logloss,545,0.00448061754296764
learn,Logloss,546,0.00447550502368624
learn,Logloss,547,0.004473625630986928
learn,Logloss,548,0.0044727876087327385
learn,Logloss,549,0.004471186913241064
learn,Logloss,550,0.004469768247086609
learn,Logloss,551,0.004466780085072728
learn,Logloss,552,0.004462875496506232
learn,Logloss,553,0.004458980098712083
learn,Logloss,554,0.0044573774695262245
learn,Logloss,555,0.004456497291473987
learn,Logloss,556,0.004455454034430171
learn,Logloss,557,0.00445293168688679
learn,Logloss,558,0.004451496593332953
learn,Logloss,559,0.00445035675434701
learn,Logloss,560,0.004449133377508972
learn,Logloss,561,0.004448180941522131
learn,Logloss,562,0.004446168017280428
learn,Logloss,563,0.0044442134203621165
learn,Logloss,564,0.004433446593567122
learn,Logloss,565,0.004432155881480842
learn,Logloss,566,0.004426994636950143
learn,Logloss,567,0.004425873248548005
learn,Logloss,568,0.004423449910120614
learn,Logloss,569,0.004420575757808921
learn,Logloss,570,0.004419184119095818
learn,Logloss,571,0.004414426208631106
learn,Logloss,572,0.004413307694736297
learn,Logloss,573,0.00441166972244803
learn,Logloss,574,0.004408706453525817
learn,Logloss,575,0.004406778207232146
learn,Logloss,576,0.004404565592149244
learn,Logloss,577,0.0044008474992674575
learn,Logloss,578,0.004399833612638178
learn,Logloss,579,0.004398435920688313
learn,Logloss,580,0.004388967006342066
learn,Logloss,581,0.004388160096000806
learn,Logloss,582,0.004385350667918573
learn,Logloss,583,0.004384284827763158
learn,Logloss,584,0.0043826883114292
learn,Logloss,585,0.004378482863483963
learn,Logloss,586,0.004377338611182172
learn,Logloss,587,0.004375034329836134
learn,Logloss,588,0.0043741852025658695
learn,Logloss,589,0.004371752226326013
learn,Logloss,590,0.00437008124069671
learn,Logloss,591,0.004366713290297266
learn,Logloss,592,0.00436362109169489
learn,Logloss,593,0.004362656350976354
learn,Logloss,594,0.004361453721243667
learn,Logloss,595,0.004360921925359796
learn,Logloss,596,0.004359350028081095
learn,Logloss,597,0.0043566434280745865
learn,Logloss,598,0.004354978194719711
learn,Logloss,599,0.004350984878703112
learn,Logloss,600,0.0043495426011293924
learn,Logloss,601,0.004345701847966335
learn,Logloss,602,0.004342604444339326
learn,Logloss,603,0.004342078642450858
learn,Logloss,604,0.0043398723734155075
learn,Logloss,605,0.004337882565790625
learn,Logloss,606,0.004335798369705735
learn,Logloss,607,0.004332245828750042
learn,Logloss,608,0.004330797395687711
learn,Logloss,609,0.004327082557375774
learn,Logloss,610,0.0043261060562979
learn,Logloss,611,0.004309704911274254
learn,Logloss,612,0.004306359210614278
learn,Logloss,613,0.0043054887106445654
learn,Logloss,614,0.004304307211825414
learn,Logloss,615,0.004302289146227759
learn,Logloss,616,0.004299003807408177
learn,Logloss,617,0.004297333933679592
learn,Logloss,618,0.004289838413423911
learn,Logloss,619,0.00428351548353915
learn,Logloss,620,0.004282304120816943
learn,Logloss,621,0.004281977908252671
learn,Logloss,622,0.004279501234211121
learn,Logloss,623,0.004276688635371344
learn,Logloss,624,0.004274522477635507
learn,Logloss,625,0.004270932317699206
learn,Logloss,626,0.0042693363371263705
learn,Logloss,627,0.004267353169488013
learn,Logloss,628,0.004264574953717735
learn,Logloss,629,0.0042626631042512846
learn,Logloss,630,0.004261518378541563
learn,Logloss,631,0.004259013018749764
learn,Logloss,632,0.004257375989456806
learn,Logloss,633,0.004249466144710354
learn,Logloss,634,0.004248038613619978
learn,Logloss,635,0.004247349746565943
learn,Logloss,636,0.004245505663219224
learn,Logloss,637,0.004243720902801516
learn,Logloss,638,0.004241981315439704
learn,Logloss,639,0.004240279694423644
learn,Logloss,640,0.004237998705677786
learn,Logloss,641,0.004236385223921458
learn,Logloss,642,0.00423253821624782
learn,Logloss,643,0.0042305781712462884
learn,Logloss,644,0.0042235636268367575
learn,Logloss,645,0.004222776476891279
learn,Logloss,646,0.00422094130518792
learn,Logloss,647,0.004214551447851117
learn,Logloss,648,0.00421192349481801
learn,Logloss,649,0.004207010852487076
learn,Logloss,650,0.004204993798842802
learn,Logloss,651,0.004202410198175892
learn,Logloss,652,0.004199184420148555
learn,Logloss,653,0.004197764797447518
learn,Logloss,654,0.004196579205689012
learn,Logloss,655,0.0041960681063953915
learn,Logloss,656,0.0041948676745458355
learn,Logloss,657,0.004193047025615093
learn,Logloss,658,0.004189608448263844
learn,Logloss,659,0.0041830462226807325
learn,Logloss,660,0.004177297534876704
learn,Logloss,661,0.004176467974257097
learn,Logloss,662,0.004174889637645771
learn,Logloss,663,0.0041737789187532735
learn,Logloss,664,0.004168149885295954
learn,Logloss,665,0.004154508169781375
learn,Logloss,666,0.004153114693062441
learn,Logloss,667,0.004151757757971294
learn,Logloss,668,0.004146900350020707
learn,Logloss,669,0.00414226833955106
learn,Logloss,670,0.004138163190059752
learn,Logloss,671,0.004135798965281157
learn,Logloss,672,0.004133345483308763
learn,Logloss,673,0.004131943849703263
learn,Logloss,674,0.004130546150135021
learn,Logloss,675,0.0041291543156878755
learn,Logloss,676,0.004127477287496919
learn,Logloss,677,0.0041252536348813365
learn,Logloss,678,0.0041237011731825686
learn,Logloss,679,0.004120621385001939
learn,Logloss,680,0.004117052137970782
learn,Logloss,681,0.004115436434861313
learn,Logloss,682,0.0041075181607261
learn,Logloss,683,0.00410686844743389
learn,Logloss,684,0.0041065827904182145
learn,Logloss,685,0.004104037517432822
learn,Logloss,686,0.004103057243944376
learn,Logloss,687,0.004101355082460378
learn,Logloss,688,0.004097870295133352
learn,Logloss,689,0.004096245155363316
learn,Logloss,690,0.004094108673570531
learn,Logloss,691,0.004091425499942899
learn,Logloss,692,0.004090914189243292
learn,Logloss,693,0.004090201606527367
learn,Logloss,694,0.004088883891774378
learn,Logloss,695,0.004087452130419738
learn,Logloss,696,0.004086223809217453
learn,Logloss,697,0.004085272068415398
learn,Logloss,698,0.004084611640051701
learn,Logloss,699,0.004083403068704077
learn,Logloss,700,0.004082360293511406
learn,Logloss,701,0.004079993796862552
learn,Logloss,702,0.004077735520534452
learn,Logloss,703,0.004074600377173875
learn,Logloss,704,0.004071986372518085
learn,Logloss,705,0.004070184872664205
learn,Logloss,706,0.004069422318364751
learn,Logloss,707,0.004066577003871904
learn,Logloss,708,0.004064949278263045
learn,Logloss,709,0.004063564853686381
learn,Logloss,710,0.004063144574453589
learn,Logloss,711,0.00405139852236307
learn,Logloss,712,0.004050138302188127
learn,Logloss,713,0.004048432916144965
learn,Logloss,714,0.00404727757669605
learn,Logloss,715,0.004045130174556168
learn,Logloss,716,0.00404152747175241
learn,Logloss,717,0.0040407413504280785
learn,Logloss,718,0.004039579031511846
learn,Logloss,719,0.004036754275816797
learn,Logloss,720,0.004034690342206752
learn,Logloss,721,0.004033579739052515
learn,Logloss,722,0.004028954872497462
learn,Logloss,723,0.004026803128221364
learn,Logloss,724,0.004025533071579568
learn,Logloss,725,0.004022917269508789
learn,Logloss,726,0.004020829082047923
learn,Logloss,727,0.0040197956098973146
learn,Logloss,728,0.004018300608183056
learn,Logloss,729,0.004016855839025069
learn,Logloss,730,0.004015692036612045
learn,Logloss,731,0.004014335826173491
learn,Logloss,732,0.004013949873276405
learn,Logloss,733,0.004012940235122824
learn,Logloss,734,0.0040122376817852985
learn,Logloss,735,0.0040118787037150775
learn,Logloss,736,0.004010240853876467
learn,Logloss,737,0.004007864432241595
learn,Logloss,738,0.0040066170221357365
learn,Logloss,739,0.004003952544355354
learn,Logloss,740,0.004001428816900712
learn,Logloss,741,0.003999567309827268
learn,Logloss,742,0.003998275318045484
learn,Logloss,743,0.003996383097345265
learn,Logloss,744,0.003994516385539053
learn,Logloss,745,0.003992843168702848
learn,Logloss,746,0.003992495474939338
learn,Logloss,747,0.003991907731421168
learn,Logloss,748,0.0039892815656630476
learn,Logloss,749,0.003987495758084766
learn,Logloss,750,0.0039855289889350505
learn,Logloss,751,0.003984337276240681
learn,Logloss,752,0.003982560689499511
learn,Logloss,753,0.003980786977133109
learn,Logloss,754,0.003979596767483522
learn,Logloss,755,0.0039781736428412505
learn,Logloss,756,0.0039730905349094564
learn,Logloss,757,0.003971771776835116
learn,Logloss,758,0.003971109609164496
learn,Logloss,759,0.003970856886326681
learn,Logloss,760,0.003969426094149503
learn,Logloss,761,0.003966478889397671
learn,Logloss,762,0.003965786332746455
learn,Logloss,763,0.003965166698102109
learn,Logloss,764,0.003962587599523786
learn,Logloss,765,0.003961527888376294
learn,Logloss,766,0.0039598040307048206
learn,Logloss,767,0.0039592475253057485
learn,Logloss,768,0.003958184444029576
learn,PRAUC:type=Classic,0,0.2635297131284541
learn,PRAUC:type=Classic,1,0.3950091535244337
learn,PRAUC:type=Classic,2,0.39696317235533546
learn,PRAUC:type=Classic,3,0.4074890800469725
learn,PRAUC:type=Classic,4,0.4305637923071489
learn,PRAUC:type=Classic,5,0.5254836939194116
learn,PRAUC:type=Classic,6,0.5806414525059495
learn,PRAUC:type=Classic,7,0.6205186026668525
learn,PRAUC:type=Classic,8,0.6451186099997697
learn,PRAUC:type=Classic,9,0.6494156138302565
learn,PRAUC:type=Classic,10,0.664832721079782
learn,PRAUC:type=Classic,11,0.6784114969238584
learn,PRAUC:type=Classic,12,0.6824828888754271
learn,PRAUC:type=Classic,13,0.6875193870645289
learn,PRAUC:type=Classic,14,0.690668386620342
learn,PRAUC:type=Classic,15,0.6952033825811723
learn,PRAUC:type=Classic,16,0.7042958711412572
learn,PRAUC:type=Classic,17,0.7102421124634766
learn,PRAUC:type=Classic,18,0.7170116925539184
learn,PRAUC:type=Classic,19,0.7274698033176967
learn,PRAUC:type=Classic,20,0.7318240497531486
learn,PRAUC:type=Classic,21,0.7358920001940473
learn,PRAUC:type=Classic,22,0.7388802336367676
learn,PRAUC:type=Classic,23,0.7382897003170603
learn,PRAUC:type=Classic,24,0.7410667678985471
learn,PRAUC:type=Classic,25,0.7431796495674408
learn,PRAUC:type=Classic,26,0.7431788022086231
learn,PRAUC:type=Classic,27,0.7444583716688655
learn,PRAUC:type=Classic,28,0.7452961568637015
learn,PRAUC:type=Classic,29,0.7469966366165648
learn,PRAUC:type=Classic,30,0.7475005005658107
learn,PRAUC:type=Classic,31,0.7488798447191961
learn,PRAUC:type=Classic,32,0.7657670743450741
learn,PRAUC:type=Classic,33,0.7798820399340669
learn,PRAUC:type=Classic,34,0.7796231546459874
learn,PRAUC:type=Classic,35,0.7872491902876896
learn,PRAUC:type=Classic,36,0.7913556715532127
learn,PRAUC:type=Classic,37,0.7987230100417676
learn,PRAUC:type=Classic,38,0.7987829993399505
learn,PRAUC:type=Classic,39,0.8026925831981698
learn,PRAUC:type=Classic,40,0.8040520564568988
learn,PRAUC:type=Classic,41,0.8100956360700522
learn,PRAUC:type=Classic,42,0.8113255744785731
learn,PRAUC:type=Classic,43,0.8116746921247564
learn,PRAUC:type=Classic,44,0.8130959320517005
learn,PRAUC:type=Classic,45,0.8136434977249872
learn,PRAUC:type=Classic,46,0.8139511716811516
learn,PRAUC:type=Classic,47,0.8139206431525781
learn,PRAUC:type=Classic,48,0.8146354167572549
learn,PRAUC:type=Classic,49,0.8177879715926712
learn,PRAUC:type=Classic,50,0.8180971652424766
learn,PRAUC:type=Classic,51,0.8183591169455365
learn,PRAUC:type=Classic,52,0.818550366770685
learn,PRAUC:type=Classic,53,0.8192279982925731
learn,PRAUC:type=Classic,54,0.8197949542238825
learn,PRAUC:type=Classic,55,0.8198842478589671
learn,PRAUC:type=Classic,56,0.823550951347657
learn,PRAUC:type=Classic,57,0.8255025569653683
learn,PRAUC:type=Classic,58,0.8255438528630051
learn,PRAUC:type=Classic,59,0.8260180858492605
learn,PRAUC:type=Classic,60,0.8262126064861118
learn,PRAUC:type=Classic,61,0.8266239940032708
learn,PRAUC:type=Classic,62,0.8281136276487154
learn,PRAUC:type=Classic,63,0.8283033036154682
learn,PRAUC:type=Classic,64,0.828679200361682
learn,PRAUC:type=Classic,65,0.8290583190142582
learn,PRAUC:type=Classic,66,0.8294818498968095
learn,PRAUC:type=Classic,67,0.8302026755174496
learn,PRAUC:type=Classic,68,0.832764054653033
learn,PRAUC:type=Classic,69,0.8330416971252395
learn,PRAUC:type=Classic,70,0.8338433265590403
learn,PRAUC:type=Classic,71,0.8355104036280747
learn,PRAUC:type=Classic,72,0.8359419587532745
learn,PRAUC:type=Classic,73,0.8362497374159438
learn,PRAUC:type=Classic,74,0.8374896722451202
learn,PRAUC:type=Classic,75,0.8377935418466749
learn,PRAUC:type=Classic,76,0.8389446834333544
learn,PRAUC:type=Classic,77,0.8397076099002906
learn,PRAUC:type=Classic,78,0.8403153639487687
learn,PRAUC:type=Classic,79,0.8410818334416917
learn,PRAUC:type=Classic,80,0.8413783617333546
learn,PRAUC:type=Classic,81,0.8419776746340556
learn,PRAUC:type=Classic,82,0.8423559838843069
learn,PRAUC:type=Classic,83,0.8425921645136817
learn,PRAUC:type=Classic,84,0.8438122039074777
learn,PRAUC:type=Classic,85,0.8437598672796313
learn,PRAUC:type=Classic,86,0.844893827022993
learn,PRAUC:type=Classic,87,0.8451059441505194
learn,PRAUC:type=Classic,88,0.8466172236858417
learn,PRAUC:type=Classic,89,0.8473532747351983
learn,PRAUC:type=Classic,90,0.8475839240323005
learn,PRAUC:type=Classic,91,0.8490799263717409
learn,PRAUC:type=Classic,92,0.8503698732395385
learn,PRAUC:type=Classic,93,0.8508988005456539
learn,PRAUC:type=Classic,94,0.8515804383882914
learn,PRAUC:type=Classic,95,0.8518759639708778
learn,PRAUC:type=Classic,96,0.8519963289135507
learn,PRAUC:type=Classic,97,0.8521584013503055
learn,PRAUC:type=Classic,98,0.8528457984736086
learn,PRAUC:type=Classic,99,0.8535671587170891
learn,PRAUC:type=Classic,100,0.8540983998476567
learn,PRAUC:type=Classic,101,0.8556320498077907
learn,PRAUC:type=Classic,102,0.8560376925022316
learn,PRAUC:type=Classic,103,0.8563378366142163
learn,PRAUC:type=Classic,104,0.8566731828517634
learn,PRAUC:type=Classic,105,0.8573261773732381
learn,PRAUC:type=Classic,106,0.8579425972182669
learn,PRAUC:type=Classic,107,0.8583416705239548
learn,PRAUC:type=Classic,108,0.8585166448835544
learn,PRAUC:type=Classic,109,0.8588603493236696
learn,PRAUC:type=Classic,110,0.858946237767746
learn,PRAUC:type=Classic,111,0.8602484002720703
learn,PRAUC:type=Classic,112,0.8617450363235312
learn,PRAUC:type=Classic,113,0.8620490059550463
learn,PRAUC:type=Classic,114,0.862235530846794
learn,PRAUC:type=Classic,115,0.8629229811362632
learn,PRAUC:type=Classic,116,0.8633609761600224
learn,PRAUC:type=Classic,117,0.8634310864831783
learn,PRAUC:type=Classic,118,0.8647009100896869
learn,PRAUC:type=Classic,119,0.8649512431782643
learn,PRAUC:type=Classic,120,0.8662218973597692
learn,PRAUC:type=Classic,121,0.867156673109377
learn,PRAUC:type=Classic,122,0.8673220017999008
learn,PRAUC:type=Classic,123,0.8676245043168924
learn,PRAUC:type=Classic,124,0.8677973234371914
learn,PRAUC:type=Classic,125,0.8687399484466464
learn,PRAUC:type=Classic,126,0.8689189552343163
learn,PRAUC:type=Classic,127,0.8699702465319249
learn,PRAUC:type=Classic,128,0.8709262938779821
learn,PRAUC:type=Classic,129,0.8714529250214528
learn,PRAUC:type=Classic,130,0.87187934132938
learn,PRAUC:type=Classic,131,0.8721137303574277
learn,PRAUC:type=Classic,132,0.8722137613340656
learn,PRAUC:type=Classic,133,0.8724257485497485
learn,PRAUC:type=Classic,134,0.8732953001437542
learn,PRAUC:type=Classic,135,0.8735792644825763
learn,PRAUC:type=Classic,136,0.8738956435571794
learn,PRAUC:type=Classic,137,0.8739851578598674
learn,PRAUC:type=Classic,138,0.8746717884753459
learn,PRAUC:type=Classic,139,0.8747616548255691
learn,PRAUC:type=Classic,140,0.8755910661639065
learn,PRAUC:type=Classic,141,0.8758154047405832
learn,PRAUC:type=Classic,142,0.8765775299477734
learn,PRAUC:type=Classic,143,0.876799968271537
learn,PRAUC:type=Classic,144,0.87745526013893
learn,PRAUC:type=Classic,145,0.8778241673045971
learn,PRAUC:type=Classic,146,0.878587421043172
learn,PRAUC:type=Classic,147,0.8788901061607651
learn,PRAUC:type=Classic,148,0.879014302479484
learn,PRAUC:type=Classic,149,0.8792259529044394
learn,PRAUC:type=Classic,150,0.8794878691007145
learn,PRAUC:type=Classic,151,0.880205745476965
learn,PRAUC:type=Classic,152,0.8808827870661392
learn,PRAUC:type=Classic,153,0.880939549143659
learn,PRAUC:type=Classic,154,0.8810414664489364
learn,PRAUC:type=Classic,155,0.8815113802983847
learn,PRAUC:type=Classic,156,0.881657016079825
learn,PRAUC:type=Classic,157,0.8820206457718582
learn,PRAUC:type=Classic,158,0.8821364285236396
learn,PRAUC:type=Classic,159,0.882637097448724
learn,PRAUC:type=Classic,160,0.8827302251842599
learn,PRAUC:type=Classic,161,0.8832967047408278
learn,PRAUC:type=Classic,162,0.8834677157595745
learn,PRAUC:type=Classic,163,0.8840090987823874
learn,PRAUC:type=Classic,164,0.8841633865673203
learn,PRAUC:type=Classic,165,0.8842781243722413
learn,PRAUC:type=Classic,166,0.8844272238186666
learn,PRAUC:type=Classic,167,0.8844980105401513
learn,PRAUC:type=Classic,168,0.8847110114583889
learn,PRAUC:type=Classic,169,0.8850257727571295
learn,PRAUC:type=Classic,170,0.8853112070423382
learn,PRAUC:type=Classic,171,0.8856233655048086
learn,PRAUC:type=Classic,172,0.8858217435905943
learn,PRAUC:type=Classic,173,0.8860301084929131
learn,PRAUC:type=Classic,174,0.8861529592514131
learn,PRAUC:type=Classic,175,0.8863573272470454
learn,PRAUC:type=Classic,176,0.8864727365304252
learn,PRAUC:type=Classic,177,0.8866157924364579
learn,PRAUC:type=Classic,178,0.8870174998335731
learn,PRAUC:type=Classic,179,0.8872379718408164
learn,PRAUC:type=Classic,180,0.887696976770045
learn,PRAUC:type=Classic,181,0.8877895932043398
learn,PRAUC:type=Classic,182,0.8878719044840918
learn,PRAUC:type=Classic,183,0.8879610381144569
learn,PRAUC:type=Classic,184,0.8886540671542189
learn,PRAUC:type=Classic,185,0.8889654225748926
learn,PRAUC:type=Classic,186,0.8890298315508344
learn,PRAUC:type=Classic,187,0.8891041223889038
learn,PRAUC:type=Classic,188,0.8893279627782747
learn,PRAUC:type=Classic,189,0.889957850446277
learn,PRAUC:type=Classic,190,0.8906523917698362
learn,PRAUC:type=Classic,191,0.8907052029280208
learn,PRAUC:type=Classic,192,0.8908358629318737
learn,PRAUC:type=Classic,193,0.8914368151514861
learn,PRAUC:type=Classic,194,0.8914835825474939
learn,PRAUC:type=Classic,195,0.89198832111866
learn,PRAUC:type=Classic,196,0.8920664885018146
learn,PRAUC:type=Classic,197,0.8922964502293589
learn,PRAUC:type=Classic,198,0.8924134560100021
learn,PRAUC:type=Classic,199,0.8926355967609074
learn,PRAUC:type=Classic,200,0.892852751071382
learn,PRAUC:type=Classic,201,0.8929369123113775
learn,PRAUC:type=Classic,202,0.8929718614983789
learn,PRAUC:type=Classic,203,0.8933067617741287
learn,PRAUC:type=Classic,204,0.8936403287232834
learn,PRAUC:type=Classic,205,0.8939197485509605
learn,PRAUC:type=Classic,206,0.8941488698142344
learn,PRAUC:type=Classic,207,0.8945407678724502
learn,PRAUC:type=Classic,208,0.8951495032721211
learn,PRAUC:type=Classic,209,0.8953348731259265
learn,PRAUC:type=Classic,210,0.8954826563116811
learn,PRAUC:type=Classic,211,0.8956784739533601
learn,PRAUC:type=Classic,212,0.8957589362509577
learn,PRAUC:type=Classic,213,0.8959451620801814
learn,PRAUC:type=Classic,214,0.8960567369796774
learn,PRAUC:type=Classic,215,0.8962657011111822
learn,PRAUC:type=Classic,216,0.8963390576885576
learn,PRAUC:type=Classic,217,0.8969000331625944
learn,PRAUC:type=Classic,218,0.8969841200383156
learn,PRAUC:type=Classic,219,0.8972327032499465
learn,PRAUC:type=Classic,220,0.8975638387806162
learn,PRAUC:type=Classic,221,0.8976441775556194
learn,PRAUC:type=Classic,222,0.8977024952370978
learn,PRAUC:type=Classic,223,0.8981687771177593
learn,PRAUC:type=Classic,224,0.8982165317476618
learn,PRAUC:type=Classic,225,0.8982415817566325
learn,PRAUC:type=Classic,226,0.8987551600625412
learn,PRAUC:type=Classic,227,0.8992024615143028
learn,PRAUC:type=Classic,228,0.8994005141357484
learn,PRAUC:type=Classic,229,0.8994431020514995
learn,PRAUC:type=Classic,230,0.8995129517529608
learn,PRAUC:type=Classic,231,0.8995885736353133
learn,PRAUC:type=Classic,232,0.8999470055855947
learn,PRAUC:type=Classic,233,0.9000076347484611
learn,PRAUC:type=Classic,234,0.9003638285671391
learn,PRAUC:type=Classic,235,0.9006019812293709
learn,PRAUC:type=Classic,236,0.9007591326130717
learn,PRAUC:type=Classic,237,0.9008450442483169
learn,PRAUC:type=Classic,238,0.9010856196693784
learn,PRAUC:type=Classic,239,0.9011213337268933
learn,PRAUC:type=Classic,240,0.9012063103897738
learn,PRAUC:type=Classic,241,0.9012913382340169
learn,PRAUC:type=Classic,242,0.9014560707153607
learn,PRAUC:type=Classic,243,0.9017169229108406
learn,PRAUC:type=Classic,244,0.901952652441088
learn,PRAUC:type=Classic,245,0.9021335257552815
learn,PRAUC:type=Classic,246,0.9025433503404253
learn,PRAUC:type=Classic,247,0.90267431231443
learn,PRAUC:type=Classic,248,0.9030500400034199
learn,PRAUC:type=Classic,249,0.9031969090574484
learn,PRAUC:type=Classic,250,0.9033268950484475
learn,PRAUC:type=Classic,251,0.9033505867336543
learn,PRAUC:type=Classic,252,0.9034014208791061
learn,PRAUC:type=Classic,253,0.9035050051499229
learn,PRAUC:type=Classic,254,0.9035621847001918
learn,PRAUC:type=Classic,255,0.9036225780196356
learn,PRAUC:type=Classic,256,0.9037480454878095
learn,PRAUC:type=Classic,257,0.9039543257723346
learn,PRAUC:type=Classic,258,0.9040181171015571
learn,PRAUC:type=Classic,259,0.9041752877668798
learn,PRAUC:type=Classic,260,0.9044202045728236
learn,PRAUC:type=Classic,261,0.9046725895954884
learn,PRAUC:type=Classic,262,0.9048022994846605
learn,PRAUC:type=Classic,263,0.905116160858543
learn,PRAUC:type=Classic,264,0.9053733320451933
learn,PRAUC:type=Classic,265,0.9057158861098193
learn,PRAUC:type=Classic,266,0.9057727778939482
learn,PRAUC:type=Classic,267,0.90586791452691
learn,PRAUC:type=Classic,268,0.9059892852083987
learn,PRAUC:type=Classic,269,0.9062245367856049
learn,PRAUC:type=Classic,270,0.9065404549154136
learn,PRAUC:type=Classic,271,0.9066564512866228
learn,PRAUC:type=Classic,272,0.9067385821109739
learn,PRAUC:type=Classic,273,0.9068803528900407
learn,PRAUC:type=Classic,274,0.9069925566721433
learn,PRAUC:type=Classic,275,0.9071412770789065
learn,PRAUC:type=Classic,276,0.9072665122675441
learn,PRAUC:type=Classic,277,0.9073892393022018
learn,PRAUC:type=Classic,278,0.9075509797328543
learn,PRAUC:type=Classic,279,0.9075738470881582
learn,PRAUC:type=Classic,280,0.907785720577746
learn,PRAUC:type=Classic,281,0.9082272069773354
learn,PRAUC:type=Classic,282,0.9083465421690922
learn,PRAUC:type=Classic,283,0.9085751414475884
learn,PRAUC:type=Classic,284,0.9087006273038907
learn,PRAUC:type=Classic,285,0.9087574238433768
learn,PRAUC:type=Classic,286,0.9088687853045506
learn,PRAUC:type=Classic,287,0.9090357977879883
learn,PRAUC:type=Classic,288,0.9090634313857743
learn,PRAUC:type=Classic,289,0.909240689738492
learn,PRAUC:type=Classic,290,0.909380243121744
learn,PRAUC:type=Classic,291,0.9094519317244928
learn,PRAUC:type=Classic,292,0.9097703096628774
learn,PRAUC:type=Classic,293,0.9099259802956562
learn,PRAUC:type=Classic,294,0.9100609511222045
learn,PRAUC:type=Classic,295,0.9104218873598647
learn,PRAUC:type=Classic,296,0.9105322809446065
learn,PRAUC:type=Classic,297,0.9106218048460496
learn,PRAUC:type=Classic,298,0.9107469813287211
learn,PRAUC:type=Classic,299,0.9111389092905259
learn,PRAUC:type=Classic,300,0.9111964256341852
learn,PRAUC:type=Classic,301,0.9113166019167126
learn,PRAUC:type=Classic,302,0.9115662896381077
learn,PRAUC:type=Classic,303,0.911670785831696
learn,PRAUC:type=Classic,304,0.9118842852815149
learn,PRAUC:type=Classic,305,0.9119541267558829
learn,PRAUC:type=Classic,306,0.9122693269879475
learn,PRAUC:type=Classic,307,0.9124812683472897
learn,PRAUC:type=Classic,308,0.912536990303861
learn,PRAUC:type=Classic,309,0.9125904194959938
learn,PRAUC:type=Classic,310,0.9126753435652241
learn,PRAUC:type=Classic,311,0.9129186847981451
learn,PRAUC:type=Classic,312,0.9130056366980371
learn,PRAUC:type=Classic,313,0.9130922398495845
learn,PRAUC:type=Classic,314,0.9131427694309803
learn,PRAUC:type=Classic,315,0.9132023244765838
learn,PRAUC:type=Classic,316,0.9134147576687502
learn,PRAUC:type=Classic,317,0.9134704558891326
learn,PRAUC:type=Classic,318,0.9135499139469497
learn,PRAUC:type=Classic,319,0.9136571306887179
learn,PRAUC:type=Classic,320,0.9137201923020862
learn,PRAUC:type=Classic,321,0.9138271320932759
learn,PRAUC:type=Classic,322,0.9139444155807294
learn,PRAUC:type=Classic,323,0.9141381218463495
learn,PRAUC:type=Classic,324,0.9143593837826404
learn,PRAUC:type=Classic,325,0.9144823302399644
learn,PRAUC:type=Classic,326,0.9145365175454899
learn,PRAUC:type=Classic,327,0.9145807766256352
learn,PRAUC:type=Classic,328,0.9146558955448595
learn,PRAUC:type=Classic,329,0.9147170171789868
learn,PRAUC:type=Classic,330,0.9147529870542205
learn,PRAUC:type=Classic,331,0.9148044897163389
learn,PRAUC:type=Classic,332,0.915007699421449
learn,PRAUC:type=Classic,333,0.9150377303616756
learn,PRAUC:type=Classic,334,0.9151026929579197
learn,PRAUC:type=Classic,335,0.915175199329943
learn,PRAUC:type=Classic,336,0.9152776239050534
learn,PRAUC:type=Classic,337,0.9153340132322628
learn,PRAUC:type=Classic,338,0.9153661264419019
learn,PRAUC:type=Classic,339,0.9154226729704512
learn,PRAUC:type=Classic,340,0.915496832219887
learn,PRAUC:type=Classic,341,0.9155289729525061
learn,PRAUC:type=Classic,342,0.9157507127040435
learn,PRAUC:type=Classic,343,0.9158989535141354
learn,PRAUC:type=Classic,344,0.9160294152671243
learn,PRAUC:type=Classic,345,0.9161307005907521
learn,PRAUC:type=Classic,346,0.9162377611145247
learn,PRAUC:type=Classic,347,0.9163075874075481
learn,PRAUC:type=Classic,348,0.9163994816977343
learn,PRAUC:type=Classic,349,0.9165027214494557
learn,PRAUC:type=Classic,350,0.916618265244036
learn,PRAUC:type=Classic,351,0.9168072325436758
learn,PRAUC:type=Classic,352,0.9169152404859906
learn,PRAUC:type=Classic,353,0.9169770222698093
learn,PRAUC:type=Classic,354,0.917033805756083
learn,PRAUC:type=Classic,355,0.9170723822282629
learn,PRAUC:type=Classic,356,0.9172688918930563
learn,PRAUC:type=Classic,357,0.9174441936652777
learn,PRAUC:type=Classic,358,0.917472600093814
learn,PRAUC:type=Classic,359,0.9176569594418043
learn,PRAUC:type=Classic,360,0.917709662094004
learn,PRAUC:type=Classic,361,0.9177488257516009
learn,PRAUC:type=Classic,362,0.9178093242550267
learn,PRAUC:type=Classic,363,0.9178330856106722
learn,PRAUC:type=Classic,364,0.9179929362570265
learn,PRAUC:type=Classic,365,0.9180619587779555
learn,PRAUC:type=Classic,366,0.9182170793872024
learn,PRAUC:type=Classic,367,0.918235884423034
learn,PRAUC:type=Classic,368,0.9182678794567123
learn,PRAUC:type=Classic,369,0.9183260188242355
learn,PRAUC:type=Classic,370,0.9183821602925932
learn,PRAUC:type=Classic,371,0.918419544717735
learn,PRAUC:type=Classic,372,0.9185528476262053
learn,PRAUC:type=Classic,373,0.9185887500433312
learn,PRAUC:type=Classic,374,0.9186424530267316
learn,PRAUC:type=Classic,375,0.9186654175573257
learn,PRAUC:type=Classic,376,0.9188195191861084
learn,PRAUC:type=Classic,377,0.9188817726233633
learn,PRAUC:type=Classic,378,0.9189604922226529
learn,PRAUC:type=Classic,379,0.9190133631806459
learn,PRAUC:type=Classic,380,0.9190464286707329
learn,PRAUC:type=Classic,381,0.9190598336559681
learn,PRAUC:type=Classic,382,0.9191304623793473
learn,PRAUC:type=Classic,383,0.9191847791587984
learn,PRAUC:type=Classic,384,0.9192046174887116
learn,PRAUC:type=Classic,385,0.9192566300290645
learn,PRAUC:type=Classic,386,0.9192799090653738
learn,PRAUC:type=Classic,387,0.919346914569517
learn,PRAUC:type=Classic,388,0.9193584416144602
learn,PRAUC:type=Classic,389,0.9194525632671513
learn,PRAUC:type=Classic,390,0.919526556963149
learn,PRAUC:type=Classic,391,0.9195758972553117
learn,PRAUC:type=Classic,392,0.9196318909912296
learn,PRAUC:type=Classic,393,0.9197299518466346
learn,PRAUC:type=Classic,394,0.9197815798247382
learn,PRAUC:type=Classic,395,0.9198741740005758
learn,PRAUC:type=Classic,396,0.9199958998472448
learn,PRAUC:type=Classic,397,0.9200136569174788
learn,PRAUC:type=Classic,398,0.9200641951424948
learn,PRAUC:type=Classic,399,0.9201185902076201
learn,PRAUC:type=Classic,400,0.9202272519037176
learn,PRAUC:type=Classic,401,0.920290768426151
learn,PRAUC:type=Classic,402,0.9203360538508649
learn,PRAUC:type=Classic,403,0.920445436613285
learn,PRAUC:type=Classic,404,0.9206695224349148
learn,PRAUC:type=Classic,405,0.9207507481926831
learn,PRAUC:type=Classic,406,0.9207812849753034
learn,PRAUC:type=Classic,407,0.9208372980093222
learn,PRAUC:type=Classic,408,0.9208987558250745
learn,PRAUC:type=Classic,409,0.9209190731330203
learn,PRAUC:type=Classic,410,0.9209607532886872
learn,PRAUC:type=Classic,411,0.9210015131323199
learn,PRAUC:type=Classic,412,0.9211605127619562
learn,PRAUC:type=Classic,413,0.9211921346967915
learn,PRAUC:type=Classic,414,0.9212021019906587
learn,PRAUC:type=Classic,415,0.9212389180949596
learn,PRAUC:type=Classic,416,0.9212628288112248
learn,PRAUC:type=Classic,417,0.921405810525666
learn,PRAUC:type=Classic,418,0.9214381174057225
learn,PRAUC:type=Classic,419,0.9214731370354028
learn,PRAUC:type=Classic,420,0.9214845433223329
learn,PRAUC:type=Classic,421,0.9216322485200146
learn,PRAUC:type=Classic,422,0.9217132168695603
learn,PRAUC:type=Classic,423,0.9217831637587681
learn,PRAUC:type=Classic,424,0.9220344407721497
learn,PRAUC:type=Classic,425,0.9222385481961721
learn,PRAUC:type=Classic,426,0.9224226551753312
learn,PRAUC:type=Classic,427,0.9226112524102799
learn,PRAUC:type=Classic,428,0.9226558757632217
learn,PRAUC:type=Classic,429,0.9228622755321785
learn,PRAUC:type=Classic,430,0.9229065703587329
learn,PRAUC:type=Classic,431,0.9230024666597978
learn,PRAUC:type=Classic,432,0.9230677162211895
learn,PRAUC:type=Classic,433,0.9232180767024829
learn,PRAUC:type=Classic,434,0.9232406146703489
learn,PRAUC:type=Classic,435,0.9233919157102302
learn,PRAUC:type=Classic,436,0.9234396819649606
learn,PRAUC:type=Classic,437,0.9235820331346198
learn,PRAUC:type=Classic,438,0.9237121491268421
learn,PRAUC:type=Classic,439,0.9237278936636875
learn,PRAUC:type=Classic,440,0.9237454040199833
learn,PRAUC:type=Classic,441,0.9238902137488827
learn,PRAUC:type=Classic,442,0.923899182394966
learn,PRAUC:type=Classic,443,0.9240108714317576
learn,PRAUC:type=Classic,444,0.9240712219998717
learn,PRAUC:type=Classic,445,0.9241743555775264
learn,PRAUC:type=Classic,446,0.9242181468367234
learn,PRAUC:type=Classic,447,0.9243486667530854
learn,PRAUC:type=Classic,448,0.9243656604475337
learn,PRAUC:type=Classic,449,0.9244538591498948
learn,PRAUC:type=Classic,450,0.9244672858097358
learn,PRAUC:type=Classic,451,0.9245675763157213
learn,PRAUC:type=Classic,452,0.9246559248237405
learn,PRAUC:type=Classic,453,0.9246996878473264
learn,PRAUC:type=Classic,454,0.9247001698948816
learn,PRAUC:type=Classic,455,0.9247841560676875
learn,PRAUC:type=Classic,456,0.924787938241836
learn,PRAUC:type=Classic,457,0.924828211202193
learn,PRAUC:type=Classic,458,0.9251003537106715
learn,PRAUC:type=Classic,459,0.9251142575949265
learn,PRAUC:type=Classic,460,0.9252373350790093
learn,PRAUC:type=Classic,461,0.9253392633157591
learn,PRAUC:type=Classic,462,0.9254906249907568
learn,PRAUC:type=Classic,463,0.9255692301636036
learn,PRAUC:type=Classic,464,0.9256889140853397
learn,PRAUC:type=Classic,465,0.9257343252297918
learn,PRAUC:type=Classic,466,0.9257953519338398
learn,PRAUC:type=Classic,467,0.9259791926527423
learn,PRAUC:type=Classic,468,0.9260677148601768
learn,PRAUC:type=Classic,469,0.9261026523113791
learn,PRAUC:type=Classic,470,0.9261716264657334
learn,PRAUC:type=Classic,471,0.926197354054301
learn,PRAUC:type=Classic,472,0.9262029746777035
learn,PRAUC:type=Classic,473,0.9263293703981449
learn,PRAUC:type=Classic,474,0.926483645891922
learn,PRAUC:type=Classic,475,0.9267563748705215
learn,PRAUC:type=Classic,476,0.926854637886933
learn,PRAUC:type=Classic,477,0.9272501912416696
learn,PRAUC:type=Classic,478,0.9275713773422333
learn,PRAUC:type=Classic,479,0.9276653044301743
learn,PRAUC:type=Classic,480,0.9279071160067193
learn,PRAUC:type=Classic,481,0.9279365697646104
learn,PRAUC:type=Classic,482,0.9280622906098376
learn,PRAUC:type=Classic,483,0.9282681771515752
learn,PRAUC:type=Classic,484,0.9282977464403138
learn,PRAUC:type=Classic,485,0.9284587495123396
learn,PRAUC:type=Classic,486,0.9285208931818606
learn,PRAUC:type=Classic,487,0.9286354847597492
learn,PRAUC:type=Classic,488,0.9287969600289264
learn,PRAUC:type=Classic,489,0.9288097949227666
learn,PRAUC:type=Classic,490,0.9288882876843024
learn,PRAUC:type=Classic,491,0.928988436878691
learn,PRAUC:type=Classic,492,0.9290407575028369
learn,PRAUC:type=Classic,493,0.9290606978726329
learn,PRAUC:type=Classic,494,0.9291817607407121
learn,PRAUC:type=Classic,495,0.9292316414552869
learn,PRAUC:type=Classic,496,0.9292676997628574
learn,PRAUC:type=Classic,497,0.9293064264876391
learn,PRAUC:type=Classic,498,0.9293999052954359
learn,PRAUC:type=Classic,499,0.929411720487698
learn,PRAUC:type=Classic,500,0.9294172292840371
learn,PRAUC:type=Classic,501,0.9294878557714153
learn,PRAUC:type=Classic,502,0.9295249017868784
learn,PRAUC:type=Classic,503,0.9295611405240339
learn,PRAUC:type=Classic,504,0.9295747583265151
learn,PRAUC:type=Classic,505,0.9296034790093767
learn,PRAUC:type=Classic,506,0.9296144228228406
learn,PRAUC:type=Classic,507,0.9297590827651295
learn,PRAUC:type=Classic,508,0.9298007081716982
learn,PRAUC:type=Classic,509,0.9298313623646827
learn,PRAUC:type=Classic,510,0.9298622980388472
learn,PRAUC:type=Classic,511,0.9298946941830523
learn,PRAUC:type=Classic,512,0.9300223409230141
learn,PRAUC:type=Classic,513,0.9301238308182759
learn,PRAUC:type=Classic,514,0.9301613060575472
learn,PRAUC:type=Classic,515,0.9302065237653315
learn,PRAUC:type=Classic,516,0.930261091599813
learn,PRAUC:type=Classic,517,0.9303473585086369
learn,PRAUC:type=Classic,518,0.9303799253032748
learn,PRAUC:type=Classic,519,0.9304975649350916
learn,PRAUC:type=Classic,520,0.9305054339458246
learn,PRAUC:type=Classic,521,0.9305346808795357
learn,PRAUC:type=Classic,522,0.9306190974695091
learn,PRAUC:type=Classic,523,0.9306367619822521
learn,PRAUC:type=Classic,524,0.930733930518889
learn,PRAUC:type=Classic,525,0.9307575440509419
learn,PRAUC:type=Classic,526,0.9307944381628895
learn,PRAUC:type=Classic,527,0.9308980079825052
learn,PRAUC:type=Classic,528,0.9310116384848156
learn,PRAUC:type=Classic,529,0.9310552845948529
learn,PRAUC:type=Classic,530,0.9310925220686063
learn,PRAUC:type=Classic,531,0.9311219828782483
learn,PRAUC:type=Classic,532,0.9311493032656485
learn,PRAUC:type=Classic,533,0.9311979277480616
learn,PRAUC:type=Classic,534,0.9313040001436835
learn,PRAUC:type=Classic,535,0.9313447544786012
learn,PRAUC:type=Classic,536,0.931356004107689
learn,PRAUC:type=Classic,537,0.9313718835670189
learn,PRAUC:type=Classic,538,0.9314283257437653
learn,PRAUC:type=Classic,539,0.9314511035124745
learn,PRAUC:type=Classic,540,0.9316552083026922
learn,PRAUC:type=Classic,541,0.9317123803788113
learn,PRAUC:type=Classic,542,0.9317315805586884
learn,PRAUC:type=Classic,543,0.9317715402522718
learn,PRAUC:type=Classic,544,0.9318573134833815
learn,PRAUC:type=Classic,545,0.9318976000018074
learn,PRAUC:type=Classic,546,0.9319886291564597
learn,PRAUC:type=Classic,547,0.9320378780431299
learn,PRAUC:type=Classic,548,0.9320556227339866
learn,PRAUC:type=Classic,549,0.9320896815550342
learn,PRAUC:type=Classic,550,0.932126806190115
learn,PRAUC:type=Classic,551,0.9321719428440746
learn,PRAUC:type=Classic,552,0.9322549164470492
learn,PRAUC:type=Classic,553,0.9323272602769416
learn,PRAUC:type=Classic,554,0.9323685748588583
learn,PRAUC:type=Classic,555,0.9323791534798459
learn,PRAUC:type=Classic,556,0.9324042539113634
learn,PRAUC:type=Classic,557,0.932455437189707
learn,PRAUC:type=Classic,558,0.932482969699861
learn,PRAUC:type=Classic,559,0.932502953701038
learn,PRAUC:type=Classic,560,0.9325341215929724
learn,PRAUC:type=Classic,561,0.9325446866602999
learn,PRAUC:type=Classic,562,0.9325922754196795
learn,PRAUC:type=Classic,563,0.9326426635570771
learn,PRAUC:type=Classic,564,0.9328592531729082
learn,PRAUC:type=Classic,565,0.9328876109259924
learn,PRAUC:type=Classic,566,0.9329489148450355
learn,PRAUC:type=Classic,567,0.9329778709269555
learn,PRAUC:type=Classic,568,0.933030274326707
learn,PRAUC:type=Classic,569,0.9330934684742506
learn,PRAUC:type=Classic,570,0.9331225600918355
learn,PRAUC:type=Classic,571,0.9331768938048602
learn,PRAUC:type=Classic,572,0.933202531588697
learn,PRAUC:type=Classic,573,0.9332234416668183
learn,PRAUC:type=Classic,574,0.9332831245338046
learn,PRAUC:type=Classic,575,0.933326407823852
learn,PRAUC:type=Classic,576,0.9333823339344115
learn,PRAUC:type=Classic,577,0.9334748660332001
learn,PRAUC:type=Classic,578,0.9334985669346972
learn,PRAUC:type=Classic,579,0.9335296971335133
learn,PRAUC:type=Classic,580,0.9337379717205311
learn,PRAUC:type=Classic,581,0.9337592325269203
learn,PRAUC:type=Classic,582,0.9338289150951248
learn,PRAUC:type=Classic,583,0.933851153660218
learn,PRAUC:type=Classic,584,0.9338785131385402
learn,PRAUC:type=Classic,585,0.9339264098321719
learn,PRAUC:type=Classic,586,0.9339513315995648
learn,PRAUC:type=Classic,587,0.9339782012398726
learn,PRAUC:type=Classic,588,0.9340083225206425
learn,PRAUC:type=Classic,589,0.9340617912361645
learn,PRAUC:type=Classic,590,0.9341058646173529
learn,PRAUC:type=Classic,591,0.9341884994202815
learn,PRAUC:type=Classic,592,0.934248219568497
learn,PRAUC:type=Classic,593,0.9342581605194283
learn,PRAUC:type=Classic,594,0.9342933397144538
learn,PRAUC:type=Classic,595,0.9343158137843405
learn,PRAUC:type=Classic,596,0.934349581563842
learn,PRAUC:type=Classic,597,0.9344092668445209
learn,PRAUC:type=Classic,598,0.934441930235269
learn,PRAUC:type=Classic,599,0.9345418660253176
learn,PRAUC:type=Classic,600,0.9345739837676817
learn,PRAUC:type=Classic,601,0.934670929764634
learn,PRAUC:type=Classic,602,0.934730102814301
learn,PRAUC:type=Classic,603,0.934735270814851
learn,PRAUC:type=Classic,604,0.9347668604219012
learn,PRAUC:type=Classic,605,0.9348191604253281
learn,PRAUC:type=Classic,606,0.9348505175286109
learn,PRAUC:type=Classic,607,0.9349344156931813
learn,PRAUC:type=Classic,608,0.9349563953621028
learn,PRAUC:type=Classic,609,0.9350371489384096
learn,PRAUC:type=Classic,610,0.9350540788043143
learn,PRAUC:type=Classic,611,0.9352856231308951
learn,PRAUC:type=Classic,612,0.9353704809345825
learn,PRAUC:type=Classic,613,0.9354067983049655
learn,PRAUC:type=Classic,614,0.9354289506202901
learn,PRAUC:type=Classic,615,0.9354668992544725
learn,PRAUC:type=Classic,616,0.9355353334435909
learn,PRAUC:type=Classic,617,0.935579985028841
learn,PRAUC:type=Classic,618,0.9357552095655101
learn,PRAUC:type=Classic,619,0.9358861606862333
learn,PRAUC:type=Classic,620,0.9359164531292686
learn,PRAUC:type=Classic,621,0.9359192482028059
learn,PRAUC:type=Classic,622,0.9359596826490902
learn,PRAUC:type=Classic,623,0.9360315237507365
learn,PRAUC:type=Classic,624,0.9360659406402886
learn,PRAUC:type=Classic,625,0.9361608670466889
learn,PRAUC:type=Classic,626,0.9362078514950914
learn,PRAUC:type=Classic,627,0.9362399574052157
learn,PRAUC:type=Classic,628,0.9363189356341491
learn,PRAUC:type=Classic,629,0.9363501944343849
learn,PRAUC:type=Classic,630,0.9363944446833404
learn,PRAUC:type=Classic,631,0.9364634604422585
learn,PRAUC:type=Classic,632,0.9365240407602872
learn,PRAUC:type=Classic,633,0.936705403945154
learn,PRAUC:type=Classic,634,0.936756681830566
learn,PRAUC:type=Classic,635,0.9367829505488435
learn,PRAUC:type=Classic,636,0.9368222153731042
learn,PRAUC:type=Classic,637,0.9368698837270119
learn,PRAUC:type=Classic,638,0.9369101466250201
learn,PRAUC:type=Classic,639,0.9369394939040111
learn,PRAUC:type=Classic,640,0.9369989572609448
learn,PRAUC:type=Classic,641,0.937054360433731
learn,PRAUC:type=Classic,642,0.9371529353331852
learn,PRAUC:type=Classic,643,0.9372265220927481
learn,PRAUC:type=Classic,644,0.9373864369219133
learn,PRAUC:type=Classic,645,0.9374096189957833
learn,PRAUC:type=Classic,646,0.9374558346283842
learn,PRAUC:type=Classic,647,0.9376031424209267
learn,PRAUC:type=Classic,648,0.93768299556857
learn,PRAUC:type=Classic,649,0.9377899512307138
learn,PRAUC:type=Classic,650,0.9378300744009255
learn,PRAUC:type=Classic,651,0.9379092398479767
learn,PRAUC:type=Classic,652,0.9379973834139124
learn,PRAUC:type=Classic,653,0.9380402328837991
learn,PRAUC:type=Classic,654,0.9380705854995234
learn,PRAUC:type=Classic,655,0.9380949073502031
learn,PRAUC:type=Classic,656,0.9381161820114382
learn,PRAUC:type=Classic,657,0.9381497182675972
learn,PRAUC:type=Classic,658,0.9382342778743374
learn,PRAUC:type=Classic,659,0.9383711730496692
learn,PRAUC:type=Classic,660,0.9385015582192934
learn,PRAUC:type=Classic,661,0.9385231839733298
learn,PRAUC:type=Classic,662,0.9385575923232315
learn,PRAUC:type=Classic,663,0.9385962184364153
learn,PRAUC:type=Classic,664,0.9387038484427793
learn,PRAUC:type=Classic,665,0.9388896446883236
learn,PRAUC:type=Classic,666,0.9389440832723918
learn,PRAUC:type=Classic,667,0.938995610974407
learn,PRAUC:type=Classic,668,0.9390874158802359
learn,PRAUC:type=Classic,669,0.9392317209473099
learn,PRAUC:type=Classic,670,0.9393585828297989
learn,PRAUC:type=Classic,671,0.9394277035788953
learn,PRAUC:type=Classic,672,0.9394215777761677
learn,PRAUC:type=Classic,673,0.9394608399891097
learn,PRAUC:type=Classic,674,0.939514489866463
learn,PRAUC:type=Classic,675,0.9395433580340896
learn,PRAUC:type=Classic,676,0.9396092436057218
learn,PRAUC:type=Classic,677,0.9396753294499934
learn,PRAUC:type=Classic,678,0.9397281812343686
learn,PRAUC:type=Classic,679,0.9398040443436605
learn,PRAUC:type=Classic,680,0.939913102345565
learn,PRAUC:type=Classic,681,0.9399409210277591
learn,PRAUC:type=Classic,682,0.940113467254489
learn,PRAUC:type=Classic,683,0.9401357653271828
learn,PRAUC:type=Classic,684,0.940138311847304
learn,PRAUC:type=Classic,685,0.9401807524499098
learn,PRAUC:type=Classic,686,0.9402052768469636
learn,PRAUC:type=Classic,687,0.9402589518844836
learn,PRAUC:type=Classic,688,0.9403417335254137
learn,PRAUC:type=Classic,689,0.9404014582164101
learn,PRAUC:type=Classic,690,0.940454733091365
learn,PRAUC:type=Classic,691,0.9405394423186483
learn,PRAUC:type=Classic,692,0.9405449461663552
learn,PRAUC:type=Classic,693,0.9405498609688682
learn,PRAUC:type=Classic,694,0.9405740753149637
learn,PRAUC:type=Classic,695,0.9406227679673521
learn,PRAUC:type=Classic,696,0.9406489689539442
learn,PRAUC:type=Classic,697,0.9406649091378368
learn,PRAUC:type=Classic,698,0.9406915359121127
learn,PRAUC:type=Classic,699,0.9407206140093981
learn,PRAUC:type=Classic,700,0.9407547050791799
learn,PRAUC:type=Classic,701,0.9408240939727212
learn,PRAUC:type=Classic,702,0.9408857337712072
learn,PRAUC:type=Classic,703,0.9409611871703071
learn,PRAUC:type=Classic,704,0.9410285646264166
learn,PRAUC:type=Classic,705,0.9410705781938332
learn,PRAUC:type=Classic,706,0.9410959880533608
learn,PRAUC:type=Classic,707,0.9411741146376297
learn,PRAUC:type=Classic,708,0.9411997928145198
learn,PRAUC:type=Classic,709,0.9412315027195158
learn,PRAUC:type=Classic,710,0.9412438312821364
learn,PRAUC:type=Classic,711,0.9414033845345885
learn,PRAUC:type=Classic,712,0.9414312664366101
learn,PRAUC:type=Classic,713,0.9414751689198347
learn,PRAUC:type=Classic,714,0.9415027466157321
learn,PRAUC:type=Classic,715,0.9415485441409944
learn,PRAUC:type=Classic,716,0.9416187838894111
learn,PRAUC:type=Classic,717,0.9416445416537066
learn,PRAUC:type=Classic,718,0.9416773428797715
learn,PRAUC:type=Classic,719,0.9417469293400046
learn,PRAUC:type=Classic,720,0.9417949658613815
learn,PRAUC:type=Classic,721,0.941826916164277
learn,PRAUC:type=Classic,722,0.9419293418011757
learn,PRAUC:type=Classic,723,0.9419913858271517
learn,PRAUC:type=Classic,724,0.9420159319186449
learn,PRAUC:type=Classic,725,0.9420712225344231
learn,PRAUC:type=Classic,726,0.942121039647562
learn,PRAUC:type=Classic,727,0.9421442246981636
learn,PRAUC:type=Classic,728,0.9421751791533141
learn,PRAUC:type=Classic,729,0.9422179859443479
learn,PRAUC:type=Classic,730,0.9422465584345397
learn,PRAUC:type=Classic,731,0.9422766961771115
learn,PRAUC:type=Classic,732,0.9422872222902267
learn,PRAUC:type=Classic,733,0.942320275301595
learn,PRAUC:type=Classic,734,0.9423422845330228
learn,PRAUC:type=Classic,735,0.9423513996717704
learn,PRAUC:type=Classic,736,0.9423881544842844
learn,PRAUC:type=Classic,737,0.9424600142177543
learn,PRAUC:type=Classic,738,0.9424860012063435
learn,PRAUC:type=Classic,739,0.9425607566064388
learn,PRAUC:type=Classic,740,0.9426052168314126
learn,PRAUC:type=Classic,741,0.9426589257646215
learn,PRAUC:type=Classic,742,0.942700510937876
learn,PRAUC:type=Classic,743,0.9427499536814336
learn,PRAUC:type=Classic,744,0.9427905483731317
learn,PRAUC:type=Classic,745,0.942837708957562
learn,PRAUC:type=Classic,746,0.9428457973968337
learn,PRAUC:type=Classic,747,0.9428666082293927
learn,PRAUC:type=Classic,748,0.94292794204407
learn,PRAUC:type=Classic,749,0.9429725415548537
learn,PRAUC:type=Classic,750,0.9430218647086245
learn,PRAUC:type=Classic,751,0.9430481196607755
learn,PRAUC:type=Classic,752,0.9430876320964364
learn,PRAUC:type=Classic,753,0.9431289238227666
learn,PRAUC:type=Classic,754,0.9431644301066632
learn,PRAUC:type=Classic,755,0.9432018615636378
learn,PRAUC:type=Classic,756,0.9432653197811932
learn,PRAUC:type=Classic,757,0.9432928983310532
learn,PRAUC:type=Classic,758,0.9433091914526291
learn,PRAUC:type=Classic,759,0.9433147459413159
learn,PRAUC:type=Classic,760,0.9433449555811725
learn,PRAUC:type=Classic,761,0.9434125796401361
learn,PRAUC:type=Classic,762,0.9434263927396763
learn,PRAUC:type=Classic,763,0.9434417818952728
learn,PRAUC:type=Classic,764,0.9434976749457505
learn,PRAUC:type=Classic,765,0.9435201264143888
learn,PRAUC:type=Classic,766,0.9435667635936845
learn,PRAUC:type=Classic,767,0.9435757542189956
learn,PRAUC:type=Classic,768,0.9435971035214515
validation,Logloss,0,0.5328213840284172
validation,Logloss,1,0.4212352834792437
validation,Logloss,2,0.34063585576058975
validation,Logloss,3,0.26995412733581375
validation,Logloss,4,0.20950675520180315
validation,Logloss,5,0.1684806923905609
validation,Logloss,6,0.1342825283064264
validation,Logloss,7,0.10836696871350178
validation,Logloss,8,0.08854636007081283
validation,Logloss,9,0.07563217976856865
validation,Logloss,10,0.06255158277602989
validation,Logloss,11,0.0520816159273911
validation,Logloss,12,0.045332247621523845
validation,Logloss,13,0.03998985082543742
validation,Logloss,14,0.03548769859635209
validation,Logloss,15,0.03197276883847704
validation,Logloss,16,0.029072665868795075
validation,Logloss,17,0.02701276016238886
validation,Logloss,18,0.024939945983572916
validation,Logloss,19,0.023131095423581705
validation,Logloss,20,0.021703415009986286
validation,Logloss,21,0.020600278372562855
validation,Logloss,22,0.01954210917734534
validation,Logloss,23,0.01895260942899009
validation,Logloss,24,0.01816567256254439
validation,Logloss,25,0.017487034158718485
validation,Logloss,26,0.017088751020689234
validation,Logloss,27,0.016555071965386078
validation,Logloss,28,0.016216850352508028
validation,Logloss,29,0.015607310613004178
validation,Logloss,30,0.015259475275056004
validation,Logloss,31,0.015007244110129712
validation,Logloss,32,0.014269475867686782
validation,Logloss,33,0.013729553555003842
validation,Logloss,34,0.013601113399179228
validation,Logloss,35,0.013165511795692926
validation,Logloss,36,0.012767495605814727
validation,Logloss,37,0.01232805844680606
validation,Logloss,38,0.012265650188390508
validation,Logloss,39,0.01197420299925504
validation,Logloss,40,0.011891222451234558
validation,Logloss,41,0.01160074440397215
validation,Logloss,42,0.011504266044644962
validation,Logloss,43,0.011474507321780224
validation,Logloss,44,0.011394636524194464
validation,Logloss,45,0.011343812920631243
validation,Logloss,46,0.011262301698254326
validation,Logloss,47,0.01119797701876472
validation,Logloss,48,0.011100584913374312
validation,Logloss,49,0.011004767520503079
validation,Logloss,50,0.010969995539745717
validation,Logloss,51,0.010939337956852088
validation,Logloss,52,0.010869883632774186
validation,Logloss,53,0.010827403176000294
validation,Logloss,54,0.010778626582660223
validation,Logloss,55,0.010766528772676618
validation,Logloss,56,0.010644442432035923
validation,Logloss,57,0.010471044410577406
validation,Logloss,58,0.010466016269240324
validation,Logloss,59,0.010427240898703165
validation,Logloss,60,0.010405264364068538
validation,Logloss,61,0.010370330557040163
validation,Logloss,62,0.010243897345250857
validation,Logloss,63,0.010223893259014636
validation,Logloss,64,0.010193565149316111
validation,Logloss,65,0.010155220116165403
validation,Logloss,66,0.01012326203495931
validation,Logloss,67,0.010095216586186168
validation,Logloss,68,0.009985809162081985
validation,Logloss,69,0.009977140157108459
validation,Logloss,70,0.009913480108466925
validation,Logloss,71,0.009832638982893074
validation,Logloss,72,0.009803623808965095
validation,Logloss,73,0.009779542217354957
validation,Logloss,74,0.009722845070075925
validation,Logloss,75,0.009710092769766537
validation,Logloss,76,0.009649419635703062
validation,Logloss,77,0.009612008862569027
validation,Logloss,78,0.009581237754475034
validation,Logloss,79,0.009482680852455544
validation,Logloss,80,0.00946724264262093
validation,Logloss,81,0.009439049120173865
validation,Logloss,82,0.009416541554937126
validation,Logloss,83,0.009416700239504805
validation,Logloss,84,0.009331720950685612
validation,Logloss,85,0.009319709426518911
validation,Logloss,86,0.009259851953148475
validation,Logloss,87,0.009247400233370978
validation,Logloss,88,0.009173790781586968
validation,Logloss,89,0.009146487056914666
validation,Logloss,90,0.00913459454896936
validation,Logloss,91,0.009024279601030584
validation,Logloss,92,0.008964842485731579
validation,Logloss,93,0.008933384995183164
validation,Logloss,94,0.008897018188902222
validation,Logloss,95,0.008890625374464509
validation,Logloss,96,0.008886534864278584
validation,Logloss,97,0.008870900501152522
validation,Logloss,98,0.008836748830839226
validation,Logloss,99,0.0088074861866502
validation,Logloss,100,0.00878146352131974
validation,Logloss,101,0.00867025860532397
validation,Logloss,102,0.008653925802803641
validation,Logloss,103,0.008639028988442992
validation,Logloss,104,0.008635423821795852
validation,Logloss,105,0.00860691047593684
validation,Logloss,106,0.008585427243297071
validation,Logloss,107,0.00857614141694737
validation,Logloss,108,0.008561829248134959
validation,Logloss,109,0.008541496172527342
validation,Logloss,110,0.008532799381604297
validation,Logloss,111,0.008479334458093967
validation,Logloss,112,0.00842254921652734
validation,Logloss,113,0.008412806553227358
validation,Logloss,114,0.008407804132068543
validation,Logloss,115,0.008368387151315309
validation,Logloss,116,0.008355139067349674
validation,Logloss,117,0.008352872123410598
validation,Logloss,118,0.008294064693698913
validation,Logloss,119,0.008284153773699517
validation,Logloss,120,0.008193697977437416
validation,Logloss,121,0.008161482870824622
validation,Logloss,122,0.008153258107105994
validation,Logloss,123,0.008140783399226924
validation,Logloss,124,0.008134488777424793
validation,Logloss,125,0.008060972721229933
validation,Logloss,126,0.008056996079824696
validation,Logloss,127,0.008014642095024154
validation,Logloss,128,0.007972942328384969
validation,Logloss,129,0.007949127961508531
validation,Logloss,130,0.00793007808004202
validation,Logloss,131,0.007912563907359291
validation,Logloss,132,0.007901552107215371
validation,Logloss,133,0.007889834602367968
validation,Logloss,134,0.007854865227042037
validation,Logloss,135,0.007845551253171375
validation,Logloss,136,0.007830259287717042
validation,Logloss,137,0.007820679883169637
validation,Logloss,138,0.007793842639017035
validation,Logloss,139,0.007785353370948536
validation,Logloss,140,0.007756110608070485
validation,Logloss,141,0.00775351769501259
validation,Logloss,142,0.007681195459623056
validation,Logloss,143,0.00766801037396126
validation,Logloss,144,0.0076013500152707966
validation,Logloss,145,0.007576652973311489
validation,Logloss,146,0.007547050383415433
validation,Logloss,147,0.007534729456642256
validation,Logloss,148,0.007527185986692767
validation,Logloss,149,0.00751919353090745
validation,Logloss,150,0.0075057975919017575
validation,Logloss,151,0.007479931917024908
validation,Logloss,152,0.007457449142188051
validation,Logloss,153,0.007458154158518073
validation,Logloss,154,0.007456788841547606
validation,Logloss,155,0.007400121211233009
validation,Logloss,156,0.007389278753692691
validation,Logloss,157,0.007360382824013947
validation,Logloss,158,0.0073554454638385
validation,Logloss,159,0.007341495507994452
validation,Logloss,160,0.007340977022493039
validation,Logloss,161,0.007317418542074094
validation,Logloss,162,0.007318884226014779
validation,Logloss,163,0.007292361331277646
validation,Logloss,164,0.007281343027665467
validation,Logloss,165,0.0072713300262508525
validation,Logloss,166,0.007273816915978903
validation,Logloss,167,0.007269466395951059
validation,Logloss,168,0.007247388000799415
validation,Logloss,169,0.007235942097771606
validation,Logloss,170,0.007211662955519058
validation,Logloss,171,0.007201126214963975
validation,Logloss,172,0.007189372897432039
validation,Logloss,173,0.007176999157195471
validation,Logloss,174,0.007176277395157648
validation,Logloss,175,0.007166253594334265
validation,Logloss,176,0.007156594243236211
validation,Logloss,177,0.0071455969510866284
validation,Logloss,178,0.007131694206474429
validation,Logloss,179,0.007130004064733188
validation,Logloss,180,0.007113305619894321
validation,Logloss,181,0.007109342356895668
validation,Logloss,182,0.007110588702878919
validation,Logloss,183,0.007111156049204719
validation,Logloss,184,0.0070786243025198455
validation,Logloss,185,0.007067689392502634
validation,Logloss,186,0.007063070501448337
validation,Logloss,187,0.007064521933877012
validation,Logloss,188,0.007053721759215707
validation,Logloss,189,0.007027249779700574
validation,Logloss,190,0.00700081901680698
validation,Logloss,191,0.007000288612394567
validation,Logloss,192,0.007004997567849192
validation,Logloss,193,0.0069862372050093135
validation,Logloss,194,0.006983552074973342
validation,Logloss,195,0.006958950066990439
validation,Logloss,196,0.006948716931882262
validation,Logloss,197,0.006943889828307694
validation,Logloss,198,0.006935398741841789
validation,Logloss,199,0.006923082640079932
validation,Logloss,200,0.006917365861881213
validation,Logloss,201,0.0069185497166787974
validation,Logloss,202,0.0069178734521045445
validation,Logloss,203,0.006890859016142534
validation,Logloss,204,0.006875963666067463
validation,Logloss,205,0.0068548167369649315
validation,Logloss,206,0.006837974698859291
validation,Logloss,207,0.006824241864466908
validation,Logloss,208,0.006802683161587816
validation,Logloss,209,0.006786330344156258
validation,Logloss,210,0.006783078808224279
validation,Logloss,211,0.006779816908199635
validation,Logloss,212,0.006773614745001263
validation,Logloss,213,0.006770123902117114
validation,Logloss,214,0.006763176603223788
validation,Logloss,215,0.006746741216651925
validation,Logloss,216,0.006748518476542929
validation,Logloss,217,0.006727311827823486
validation,Logloss,218,0.006731491671618494
validation,Logloss,219,0.00672457431013284
validation,Logloss,220,0.0067132387910958805
validation,Logloss,221,0.006709843414023294
validation,Logloss,222,0.006706210154554176
validation,Logloss,223,0.0066625228570054325
validation,Logloss,224,0.006658198749093176
validation,Logloss,225,0.0066530074041880735
validation,Logloss,226,0.0066393452266187225
validation,Logloss,227,0.0066222945614471534
validation,Logloss,228,0.006620414007726678
validation,Logloss,229,0.006624281108860122
validation,Logloss,230,0.0066247158711288156
validation,Logloss,231,0.006619478834413492
validation,Logloss,232,0.006604285257002763
validation,Logloss,233,0.0065992209100274755
validation,Logloss,234,0.006584466965693393
validation,Logloss,235,0.006571340203847698
validation,Logloss,236,0.006570923075004892
validation,Logloss,237,0.006566893779915076
validation,Logloss,238,0.006567697849375657
validation,Logloss,239,0.006568037074873421
validation,Logloss,240,0.0065684700635113185
validation,Logloss,241,0.006567274383536014
validation,Logloss,242,0.006567381851272842
validation,Logloss,243,0.006551809318141978
validation,Logloss,244,0.00654964457772502
validation,Logloss,245,0.00654224498944717
validation,Logloss,246,0.006529703367465665
validation,Logloss,247,0.006523433798047471
validation,Logloss,248,0.00648775328979153
validation,Logloss,249,0.006474325148794983
validation,Logloss,250,0.006478132691326964
validation,Logloss,251,0.0064737864865039175
validation,Logloss,252,0.006469425225921606
validation,Logloss,253,0.006467605400124773
validation,Logloss,254,0.006465069397601573
validation,Logloss,255,0.006463944108201591
validation,Logloss,256,0.006464814592423008
validation,Logloss,257,0.006456759933519145
validation,Logloss,258,0.006456657323131335
validation,Logloss,259,0.006456353249403552
validation,Logloss,260,0.006442835030426921
validation,Logloss,261,0.00642587059742732
validation,Logloss,262,0.006426472898626076
validation,Logloss,263,0.006404327158916509
validation,Logloss,264,0.006397545461579772
validation,Logloss,265,0.006378069961874328
validation,Logloss,266,0.006377855876848056
validation,Logloss,267,0.0063828849333745115
validation,Logloss,268,0.006385397514014431
validation,Logloss,269,0.0063703659331284775
validation,Logloss,270,0.006351470773849586
validation,Logloss,271,0.006337881083838477
validation,Logloss,272,0.006334237537850502
validation,Logloss,273,0.006325347785344887
validation,Logloss,274,0.006324640688865098
validation,Logloss,275,0.006315915049093101
validation,Logloss,276,0.006315056704243803
validation,Logloss,277,0.006307151408289321
validation,Logloss,278,0.006298835923473035
validation,Logloss,279,0.006294572978678762
validation,Logloss,280,0.006280348263572041
validation,Logloss,281,0.0062640148227095524
validation,Logloss,282,0.006264998149496508
validation,Logloss,283,0.006244458943969305
validation,Logloss,284,0.006243438009460206
validation,Logloss,285,0.006242178400057033
validation,Logloss,286,0.006241301013201294
validation,Logloss,287,0.006231126412604224
validation,Logloss,288,0.006228068063530783
validation,Logloss,289,0.006228637028189009
validation,Logloss,290,0.006221899254079824
validation,Logloss,291,0.006221083921778463
validation,Logloss,292,0.006208297607792791
validation,Logloss,293,0.006202626077066257
validation,Logloss,294,0.006196917104229153
validation,Logloss,295,0.006181249321716492
validation,Logloss,296,0.00618382866544026
validation,Logloss,297,0.006182540529587098
validation,Logloss,298,0.006179430519836375
validation,Logloss,299,0.0061714544025886255
validation,Logloss,300,0.0061702459481045
validation,Logloss,301,0.006164504469036448
validation,Logloss,302,0.0061493619316990485
validation,Logloss,303,0.006148346530964829
validation,Logloss,304,0.0061387238682862775
validation,Logloss,305,0.006138128027263058
validation,Logloss,306,0.006124643582875072
validation,Logloss,307,0.006117980188204667
validation,Logloss,308,0.006119454039016684
validation,Logloss,309,0.006118407752644622
validation,Logloss,310,0.00611487760523001
validation,Logloss,311,0.006101346017214234
validation,Logloss,312,0.006095734534213398
validation,Logloss,313,0.00609555761032305
validation,Logloss,314,0.006094983027277657
validation,Logloss,315,0.006094435539280905
validation,Logloss,316,0.006085121155955859
validation,Logloss,317,0.0060885788707667025
validation,Logloss,318,0.006083557001465111
validation,Logloss,319,0.0060816030164814235
validation,Logloss,320,0.00608164289027882
validation,Logloss,321,0.006077794685904652
validation,Logloss,322,0.006078506959276037
validation,Logloss,323,0.006072148157532573
validation,Logloss,324,0.006060910595585258
validation,Logloss,325,0.006061234200876235
validation,Logloss,326,0.006061956867773065
validation,Logloss,327,0.006066079979412444
validation,Logloss,328,0.00606216025096315
validation,Logloss,329,0.006061948406694909
validation,Logloss,330,0.006063024828496029
validation,Logloss,331,0.0060634322626986585
validation,Logloss,332,0.00605337439788648
validation,Logloss,333,0.006052955449961678
validation,Logloss,334,0.006052868527275744
validation,Logloss,335,0.0060507639508832175
validation,Logloss,336,0.006048686316911929
validation,Logloss,337,0.006043647851889329
validation,Logloss,338,0.006047955048224521
validation,Logloss,339,0.006049289529424822
validation,Logloss,340,0.006050928983781615
validation,Logloss,341,0.006048700400657059
validation,Logloss,342,0.0060404627964743005
validation,Logloss,343,0.00603489872368155
validation,Logloss,344,0.006032987566994536
validation,Logloss,345,0.006027982036172746
validation,Logloss,346,0.0060306803111624336
validation,Logloss,347,0.006030837660110562
validation,Logloss,348,0.006029910165237793
validation,Logloss,349,0.006031784553252718
validation,Logloss,350,0.006024672075638536
validation,Logloss,351,0.00601803687350153
validation,Logloss,352,0.006018852298720379
validation,Logloss,353,0.006019056013764395
validation,Logloss,354,0.006017584467428899
validation,Logloss,355,0.006018188873739556
validation,Logloss,356,0.006010975586640102
validation,Logloss,357,0.006006797265195948
validation,Logloss,358,0.006011077477986314
validation,Logloss,359,0.0060046085321393
validation,Logloss,360,0.006005961111664229
validation,Logloss,361,0.006006697379715352
validation,Logloss,362,0.006005614243448675
validation,Logloss,363,0.006007283013075728
validation,Logloss,364,0.00600158316435188
validation,Logloss,365,0.005998644769166484
validation,Logloss,366,0.0059928904732279185
validation,Logloss,367,0.0059944810599493175
validation,Logloss,368,0.005994069171516949
validation,Logloss,369,0.005993138763511649
validation,Logloss,370,0.0059930034727460725
validation,Logloss,371,0.00598968592594372
validation,Logloss,372,0.005988601144248715
validation,Logloss,373,0.0059896674160031926
validation,Logloss,374,0.005988096551202192
validation,Logloss,375,0.005987783904505666
validation,Logloss,376,0.005982382573690396
validation,Logloss,377,0.0059836916318276555
validation,Logloss,378,0.005982408451486356
validation,Logloss,379,0.005981771786335432
validation,Logloss,380,0.005982911798286213
validation,Logloss,381,0.005984007132765424
validation,Logloss,382,0.005982812461284003
validation,Logloss,383,0.005983202835940209
validation,Logloss,384,0.00598426736965649
validation,Logloss,385,0.005985782015878035
validation,Logloss,386,0.005985077456969294
validation,Logloss,387,0.005983843330641207
validation,Logloss,388,0.0059853004655601345
validation,Logloss,389,0.005987123043357864
validation,Logloss,390,0.005986238337417561
validation,Logloss,391,0.005982830312264622
validation,Logloss,392,0.0059806618979113884
validation,Logloss,393,0.005975844803405838
validation,Logloss,394,0.005974138037753664
validation,Logloss,395,0.005969743581671654
validation,Logloss,396,0.005969519701149834
validation,Logloss,397,0.005968859215641931
validation,Logloss,398,0.00596935547657748
validation,Logloss,399,0.005969228845289873
validation,Logloss,400,0.005963666328624359
validation,Logloss,401,0.00596376787740701
validation,Logloss,402,0.005966083476688358
validation,Logloss,403,0.005961412092593048
validation,Logloss,404,0.005954118038866521
validation,Logloss,405,0.005952339349601375
validation,Logloss,406,0.005951938722579749
validation,Logloss,407,0.0059525789641138496
validation,Logloss,408,0.005952702541426333
validation,Logloss,409,0.0059533706965789
validation,Logloss,410,0.0059556402604278025
validation,Logloss,411,0.005956396532193107
validation,Logloss,412,0.0059514833960248
validation,Logloss,413,0.0059519890384274275
validation,Logloss,414,0.005950641027198445
validation,Logloss,415,0.005950889228318556
validation,Logloss,416,0.005950256602694895
validation,Logloss,417,0.005945790062030037
validation,Logloss,418,0.005945484921278087
validation,Logloss,419,0.0059480988953277605
validation,Logloss,420,0.005946646446996405
validation,Logloss,421,0.005938183478250316
validation,Logloss,422,0.005934174933249722
validation,Logloss,423,0.005932596358829655
validation,Logloss,424,0.005920560612767538
validation,Logloss,425,0.005918013071872149
validation,Logloss,426,0.005910988493154759
validation,Logloss,427,0.005908782678222146
validation,Logloss,428,0.005908808286976496
validation,Logloss,429,0.005898169288408499
validation,Logloss,430,0.0058987012436686
validation,Logloss,431,0.00589613055394682
validation,Logloss,432,0.0058923601635762915
validation,Logloss,433,0.00588649366800211
validation,Logloss,434,0.005886218284359985
validation,Logloss,435,0.005880493512412642
validation,Logloss,436,0.005879741240179758
validation,Logloss,437,0.005875335095960733
validation,Logloss,438,0.005870268004335891
validation,Logloss,439,0.0058711016934111186
validation,Logloss,440,0.005870885032974371
validation,Logloss,441,0.005862782656337134
validation,Logloss,442,0.0058626923975317515
validation,Logloss,443,0.00585851300157982
validation,Logloss,444,0.005856984912663564
validation,Logloss,445,0.0058605028366495214
validation,Logloss,446,0.005859058443092243
validation,Logloss,447,0.005854469022201906
validation,Logloss,448,0.005854774495788915
validation,Logloss,449,0.005852633742725708
validation,Logloss,450,0.005853386641755024
validation,Logloss,451,0.005847976483158767
validation,Logloss,452,0.005845743126120377
validation,Logloss,453,0.005842928611720139
validation,Logloss,454,0.005842427290897949
validation,Logloss,455,0.0058406392213233155
validation,Logloss,456,0.0058394241097316675
validation,Logloss,457,0.005840506877589346
validation,Logloss,458,0.005823158540094676
validation,Logloss,459,0.005821696384690688
validation,Logloss,460,0.005817544533609428
validation,Logloss,461,0.005813929334160231
validation,Logloss,462,0.005807728464109851
validation,Logloss,463,0.005806126882025784
validation,Logloss,464,0.0058023266670753845
validation,Logloss,465,0.005802024433725071
validation,Logloss,466,0.005799374842338947
validation,Logloss,467,0.005795348072577456
validation,Logloss,468,0.0057952337448015975
validation,Logloss,469,0.0057952512850994245
validation,Logloss,470,0.005793855539750229
validation,Logloss,471,0.005793288826521803
validation,Logloss,472,0.0057921395014596585
validation,Logloss,473,0.0057873141309529915
validation,Logloss,474,0.005783718960092011
validation,Logloss,475,0.005756240576273563
validation,Logloss,476,0.005755375734849754
validation,Logloss,477,0.0057438476871268995
validation,Logloss,478,0.005734659752328147
validation,Logloss,479,0.005733277638886531
validation,Logloss,480,0.00572613382999184
validation,Logloss,481,0.005725443551740103
validation,Logloss,482,0.005721078674142976
validation,Logloss,483,0.0057150876629118805
validation,Logloss,484,0.005713087324575425
validation,Logloss,485,0.005708341123456224
validation,Logloss,486,0.00570725544251315
validation,Logloss,487,0.005703347634783324
validation,Logloss,488,0.005699587468245683
validation,Logloss,489,0.005699861514807697
validation,Logloss,490,0.005699009321690623
validation,Logloss,491,0.005695969254199491
validation,Logloss,492,0.005694838584668977
validation,Logloss,493,0.005694430431519827
validation,Logloss,494,0.0056920663955247
validation,Logloss,495,0.0056895272116553606
validation,Logloss,496,0.0056872801153729
validation,Logloss,497,0.0056864787867832185
validation,Logloss,498,0.005685181590356189
validation,Logloss,499,0.0056844627844966685
validation,Logloss,500,0.00568497085853538
validation,Logloss,501,0.005684521758005022
validation,Logloss,502,0.005685664742863447
validation,Logloss,503,0.005681888891163634
validation,Logloss,504,0.005681714283743311
validation,Logloss,505,0.005682736685336639
validation,Logloss,506,0.005682839906421122
validation,Logloss,507,0.005677451147511038
validation,Logloss,508,0.005676860609000913
validation,Logloss,509,0.00567791866912072
validation,Logloss,510,0.005675925391584668
validation,Logloss,511,0.005681893885403516
validation,Logloss,512,0.005677495007232453
validation,Logloss,513,0.005677540697661244
validation,Logloss,514,0.005677883525976911
validation,Logloss,515,0.0056767660318545205
validation,Logloss,516,0.005677072013455032
validation,Logloss,517,0.005675749916390073
validation,Logloss,518,0.005675284671354098
validation,Logloss,519,0.00567162113488493
validation,Logloss,520,0.0056706026625757845
validation,Logloss,521,0.005672945424690636
validation,Logloss,522,0.005671755157745245
validation,Logloss,523,0.005671556227634552
validation,Logloss,524,0.005670292539456305
validation,Logloss,525,0.00567157628014934
validation,Logloss,526,0.005671090557170925
validation,Logloss,527,0.005668614510805518
validation,Logloss,528,0.0056655323905124705
validation,Logloss,529,0.005665913934424537
validation,Logloss,530,0.005667039851300881
validation,Logloss,531,0.005666833722397779
validation,Logloss,532,0.005664979617880764
validation,Logloss,533,0.005667984615261787
validation,Logloss,534,0.005665477030326166
validation,Logloss,535,0.005666717594644764
validation,Logloss,536,0.005667375110414936
validation,Logloss,537,0.0056677207343830945
validation,Logloss,538,0.005665801874994045
validation,Logloss,539,0.005667073397846557
validation,Logloss,540,0.005659034609141018
validation,Logloss,541,0.0056567935030219715
validation,Logloss,542,0.005657210598825075
validation,Logloss,543,0.005656591630187068
validation,Logloss,544,0.005657227537625423
validation,Logloss,545,0.005657112314204616
validation,Logloss,546,0.005655048821751539
validation,Logloss,547,0.005653354539451869
validation,Logloss,548,0.005653612059464569
validation,Logloss,549,0.0056528198341716475
validation,Logloss,550,0.005654765885784291
validation,Logloss,551,0.005651471552468632
validation,Logloss,552,0.005646632746729929
validation,Logloss,553,0.005645340728628111
validation,Logloss,554,0.005642950684145395
validation,Logloss,555,0.0056427103299997875
validation,Logloss,556,0.005643249350883661
validation,Logloss,557,0.00564698632342026
validation,Logloss,558,0.0056463398020929305
validation,Logloss,559,0.005645301854758577
validation,Logloss,560,0.005645213402140121
validation,Logloss,561,0.005645031835292516
validation,Logloss,562,0.00564681596876261
validation,Logloss,563,0.005644442558687243
validation,Logloss,564,0.005622783888112999
validation,Logloss,565,0.005621327209795629
validation,Logloss,566,0.005611413199477763
validation,Logloss,567,0.005611913112810435
validation,Logloss,568,0.005609293952605236
validation,Logloss,569,0.005608649501307715
validation,Logloss,570,0.005608408292475162
validation,Logloss,571,0.0055991145059677535
validation,Logloss,572,0.0055978399565209756
validation,Logloss,573,0.005597177307264732
validation,Logloss,574,0.00559657475669298
validation,Logloss,575,0.005594909379659487
validation,Logloss,576,0.005592150941368066
validation,Logloss,577,0.005590016881098219
validation,Logloss,578,0.005590071247963246
validation,Logloss,579,0.005591741254093989
validation,Logloss,580,0.00558104854214915
validation,Logloss,581,0.005581301499389248
validation,Logloss,582,0.005581542289458978
validation,Logloss,583,0.005582589474031326
validation,Logloss,584,0.005582832062274116
validation,Logloss,585,0.005574551590689457
validation,Logloss,586,0.005574501048699527
validation,Logloss,587,0.005572909472584015
validation,Logloss,588,0.005573559027720462
validation,Logloss,589,0.005571370561102224
validation,Logloss,590,0.005572747568616632
validation,Logloss,591,0.005573504003252221
validation,Logloss,592,0.0055705323136662705
validation,Logloss,593,0.005570448940832694
validation,Logloss,594,0.005570331968162959
validation,Logloss,595,0.005570557787851793
validation,Logloss,596,0.0055701430013803815
validation,Logloss,597,0.00556712805826908
validation,Logloss,598,0.005566614682763588
validation,Logloss,599,0.005567175057722017
validation,Logloss,600,0.005566487664201888
validation,Logloss,601,0.0055638798833369234
validation,Logloss,602,0.005561136570825419
validation,Logloss,603,0.0055617124186518214
validation,Logloss,604,0.005560252495053221
validation,Logloss,605,0.005560777936785506
validation,Logloss,606,0.005559411995630452
validation,Logloss,607,0.005558003565032581
validation,Logloss,608,0.005558278013093042
validation,Logloss,609,0.00555776113719691
validation,Logloss,610,0.005559030640155991
validation,Logloss,611,0.0055398968373607076
validation,Logloss,612,0.005537243348126058
validation,Logloss,613,0.005537921424898516
validation,Logloss,614,0.005537399228341819
validation,Logloss,615,0.005535522064661263
validation,Logloss,616,0.005535110864628116
validation,Logloss,617,0.005537241092047982
validation,Logloss,618,0.005529476090520745
validation,Logloss,619,0.005519898858762503
validation,Logloss,620,0.005519407033328463
validation,Logloss,621,0.005519081350597376
validation,Logloss,622,0.005516654431362829
validation,Logloss,623,0.0055163083688585315
validation,Logloss,624,0.005514258228532805
validation,Logloss,625,0.005512154061511442
validation,Logloss,626,0.0055129862363774325
validation,Logloss,627,0.005511760290436118
validation,Logloss,628,0.005511734857151286
validation,Logloss,629,0.005510043088727972
validation,Logloss,630,0.005510272607267655
validation,Logloss,631,0.005510367708708069
validation,Logloss,632,0.005509215304632643
validation,Logloss,633,0.005500387003859249
validation,Logloss,634,0.005500022341354592
validation,Logloss,635,0.005500623702758362
validation,Logloss,636,0.005499755746503024
validation,Logloss,637,0.005501117200577597
validation,Logloss,638,0.005500303861370166
validation,Logloss,639,0.005498871773239475
validation,Logloss,640,0.005499049031674514
validation,Logloss,641,0.005500431999373402
validation,Logloss,642,0.005498632138376124
validation,Logloss,643,0.005497292993639309
validation,Logloss,644,0.005489409304563399
validation,Logloss,645,0.005489106653364219
validation,Logloss,646,0.0054903930291381456
validation,Logloss,647,0.005483121971395756
validation,Logloss,648,0.005484661067790287
validation,Logloss,649,0.005477010248921797
validation,Logloss,650,0.00548063025107994
validation,Logloss,651,0.005481695824293932
validation,Logloss,652,0.005480549330926735
validation,Logloss,653,0.005480686132078194
validation,Logloss,654,0.00547953086363024
validation,Logloss,655,0.0054801469236024315
validation,Logloss,656,0.005479316596113865
validation,Logloss,657,0.005478568294457235
validation,Logloss,658,0.005477065727879064
validation,Logloss,659,0.005470543828136833
validation,Logloss,660,0.005463883062475999
validation,Logloss,661,0.0054647077655458265
validation,Logloss,662,0.0054640138885931255
validation,Logloss,663,0.005464670552749797
validation,Logloss,664,0.005459074528010059
validation,Logloss,665,0.005442979017022254
validation,Logloss,666,0.0054440587922434365
validation,Logloss,667,0.005444061458693137
validation,Logloss,668,0.005439190613596229
validation,Logloss,669,0.0054350166843697865
validation,Logloss,670,0.0054313324029623715
validation,Logloss,671,0.0054291198083273986
validation,Logloss,672,0.005426321985073608
validation,Logloss,673,0.005426904432436137
validation,Logloss,674,0.005425901193601274
validation,Logloss,675,0.005425366782005721
validation,Logloss,676,0.0054242241502284105
validation,Logloss,677,0.0054228090438860135
validation,Logloss,678,0.005422838638105757
validation,Logloss,679,0.005421393587525973
validation,Logloss,680,0.005418226195357234
validation,Logloss,681,0.005417563252312101
validation,Logloss,682,0.005410496068507689
validation,Logloss,683,0.005411063404941603
validation,Logloss,684,0.005410437467351081
validation,Logloss,685,0.00541005991092184
validation,Logloss,686,0.0054094870435726925
validation,Logloss,687,0.005410627482994776
validation,Logloss,688,0.005412123230096844
validation,Logloss,689,0.00541043229372244
validation,Logloss,690,0.005408925244527056
validation,Logloss,691,0.005409864568123478
validation,Logloss,692,0.005409363492169416
validation,Logloss,693,0.005408405817942515
validation,Logloss,694,0.005407229734591047
validation,Logloss,695,0.005407067862427337
validation,Logloss,696,0.00540655056635234
validation,Logloss,697,0.005406176681802035
validation,Logloss,698,0.005406362233473124
validation,Logloss,699,0.005405849108119057
validation,Logloss,700,0.0054074640858942594
validation,Logloss,701,0.005407324138286484
validation,Logloss,702,0.005412294638954429
validation,Logloss,703,0.005413954793026371
validation,Logloss,704,0.0054130383533404726
validation,Logloss,705,0.00541188184189318
validation,Logloss,706,0.005411496828224608
validation,Logloss,707,0.005409308152520685
validation,Logloss,708,0.005407125276422863
validation,Logloss,709,0.005404469754884225
validation,Logloss,710,0.0054042001817322756
validation,Logloss,711,0.005390312822483224
validation,Logloss,712,0.005387924034397111
validation,Logloss,713,0.005386107710628981
validation,Logloss,714,0.005385073502275803
validation,Logloss,715,0.005387603153119188
validation,Logloss,716,0.005383771206049434
validation,Logloss,717,0.005383428302095323
validation,Logloss,718,0.0053822964038020395
validation,Logloss,719,0.005384088962726508
validation,Logloss,720,0.0053878774760741715
validation,Logloss,721,0.005386864623367416
validation,Logloss,722,0.005381837961383481
validation,Logloss,723,0.005382827685209073
validation,Logloss,724,0.00538251184984528
validation,Logloss,725,0.005384730377575781
validation,Logloss,726,0.00538854870564844
validation,Logloss,727,0.0053876362759583685
validation,Logloss,728,0.0053860158958278824
validation,Logloss,729,0.005386227908971721
validation,Logloss,730,0.005387023433412814
validation,Logloss,731,0.0053855386885546305
validation,Logloss,732,0.005385349863771457
validation,Logloss,733,0.005384548254449925
validation,Logloss,734,0.005384283576645747
validation,Logloss,735,0.005384111029913565
validation,Logloss,736,0.0053845443170827505
validation,Logloss,737,0.005382799780326135
validation,Logloss,738,0.005382507024759573
validation,Logloss,739,0.005382678463520305
validation,Logloss,740,0.0053807519175679665
validation,Logloss,741,0.005381363553242574
validation,Logloss,742,0.005380967982345384
validation,Logloss,743,0.0053833120362340794
validation,Logloss,744,0.00538502353539012
validation,Logloss,745,0.005385747429156829
validation,Logloss,746,0.0053855966256525474
validation,Logloss,747,0.005385389269028383
validation,Logloss,748,0.005382588638417209
validation,Logloss,749,0.005385182273665714
validation,Logloss,750,0.005385159874286641
validation,Logloss,751,0.005383882510883341
validation,Logloss,752,0.005383128738586
validation,Logloss,753,0.005382475837514787
validation,Logloss,754,0.00538214549893967
validation,Logloss,755,0.005382360836799837
validation,Logloss,756,0.005379778544790727
validation,Logloss,757,0.0053794056158333135
validation,Logloss,758,0.005379165267498796
validation,Logloss,759,0.005379347848534944
validation,Logloss,760,0.005378658391836756
validation,Logloss,761,0.0053775716869417164
validation,Logloss,762,0.005377455991660836
validation,Logloss,763,0.005377274532088369
validation,Logloss,764,0.005376700595141779
validation,Logloss,765,0.005376718975154651
validation,Logloss,766,0.005375740032518837
validation,Logloss,767,0.0053763544025553995
validation,Logloss,768,0.0053742413806281975
validation,PRAUC:type=Classic,0,0.29291182637982904
validation,PRAUC:type=Classic,1,0.4255214705360839
validation,PRAUC:type=Classic,2,0.42935058771566587
validation,PRAUC:type=Classic,3,0.43049726054547327
validation,PRAUC:type=Classic,4,0.4535089302961498
validation,PRAUC:type=Classic,5,0.5485122938280629
validation,PRAUC:type=Classic,6,0.6052004070750222
validation,PRAUC:type=Classic,7,0.6526656071005185
validation,PRAUC:type=Classic,8,0.6778489424542241
validation,PRAUC:type=Classic,9,0.679444798016526
validation,PRAUC:type=Classic,10,0.6939094997801009
validation,PRAUC:type=Classic,11,0.707842704876975
validation,PRAUC:type=Classic,12,0.709498046175652
validation,PRAUC:type=Classic,13,0.7134539325924244
validation,PRAUC:type=Classic,14,0.7172070057084224
validation,PRAUC:type=Classic,15,0.7208271124784992
validation,PRAUC:type=Classic,16,0.7255227867109432
validation,PRAUC:type=Classic,17,0.7310112974256845
validation,PRAUC:type=Classic,18,0.7384924411736208
validation,PRAUC:type=Classic,19,0.7488345517307854
validation,PRAUC:type=Classic,20,0.7544169572374492
validation,PRAUC:type=Classic,21,0.7574478011578002
validation,PRAUC:type=Classic,22,0.7616780752944722
validation,PRAUC:type=Classic,23,0.7616702939300724
validation,PRAUC:type=Classic,24,0.7646808006686847
validation,PRAUC:type=Classic,25,0.7671486525027529
validation,PRAUC:type=Classic,26,0.7667146491481617
validation,PRAUC:type=Classic,27,0.7680930380508083
validation,PRAUC:type=Classic,28,0.7687750586963819
validation,PRAUC:type=Classic,29,0.7709147231525343
validation,PRAUC:type=Classic,30,0.7713109060494922
validation,PRAUC:type=Classic,31,0.7715418527151717
validation,PRAUC:type=Classic,32,0.7851509596337644
validation,PRAUC:type=Classic,33,0.7986009857070765
validation,PRAUC:type=Classic,34,0.7989737739957948
validation,PRAUC:type=Classic,35,0.8055787648073413
validation,PRAUC:type=Classic,36,0.809304399363402
validation,PRAUC:type=Classic,37,0.8176635041413404
validation,PRAUC:type=Classic,38,0.8177315517297349
validation,PRAUC:type=Classic,39,0.8218614745192698
validation,PRAUC:type=Classic,40,0.8223700095842467
validation,PRAUC:type=Classic,41,0.8284318803681757
validation,PRAUC:type=Classic,42,0.8291066864840267
validation,PRAUC:type=Classic,43,0.8292395438974164
validation,PRAUC:type=Classic,44,0.8299023844751842
validation,PRAUC:type=Classic,45,0.8301409126839433
validation,PRAUC:type=Classic,46,0.8309177358108282
validation,PRAUC:type=Classic,47,0.8311974298474492
validation,PRAUC:type=Classic,48,0.8321788035862514
validation,PRAUC:type=Classic,49,0.834682878247759
validation,PRAUC:type=Classic,50,0.8350265006363028
validation,PRAUC:type=Classic,51,0.8353582244934888
validation,PRAUC:type=Classic,52,0.8355910320099182
validation,PRAUC:type=Classic,53,0.8363847721021384
validation,PRAUC:type=Classic,54,0.8366592658122115
validation,PRAUC:type=Classic,55,0.836606757256559
validation,PRAUC:type=Classic,56,0.8396422702306299
validation,PRAUC:type=Classic,57,0.8416881266266325
validation,PRAUC:type=Classic,58,0.8415296305313864
validation,PRAUC:type=Classic,59,0.8421299622506444
validation,PRAUC:type=Classic,60,0.8422629698457357
validation,PRAUC:type=Classic,61,0.842816963051359
validation,PRAUC:type=Classic,62,0.8439049690247181
validation,PRAUC:type=Classic,63,0.8438213336772121
validation,PRAUC:type=Classic,64,0.844264061741069
validation,PRAUC:type=Classic,65,0.8446441643118708
validation,PRAUC:type=Classic,66,0.8453283570544725
validation,PRAUC:type=Classic,67,0.8460389268948396
validation,PRAUC:type=Classic,68,0.8485249510539821
validation,PRAUC:type=Classic,69,0.8486263801473124
validation,PRAUC:type=Classic,70,0.8494067047753653
validation,PRAUC:type=Classic,71,0.8509454420137952
validation,PRAUC:type=Classic,72,0.85136588911501
validation,PRAUC:type=Classic,73,0.8518434592226891
validation,PRAUC:type=Classic,74,0.8525601319943932
validation,PRAUC:type=Classic,75,0.8526797788167294
validation,PRAUC:type=Classic,76,0.8537901495201755
validation,PRAUC:type=Classic,77,0.8540726971403734
validation,PRAUC:type=Classic,78,0.8545410614132252
validation,PRAUC:type=Classic,79,0.8550276793276945
validation,PRAUC:type=Classic,80,0.8551641549621987
validation,PRAUC:type=Classic,81,0.8555382773809465
validation,PRAUC:type=Classic,82,0.8559061035528164
validation,PRAUC:type=Classic,83,0.8557969518028796
validation,PRAUC:type=Classic,84,0.8573700899263629
validation,PRAUC:type=Classic,85,0.8573239898963388
validation,PRAUC:type=Classic,86,0.8583751362178008
validation,PRAUC:type=Classic,87,0.858485973040048
validation,PRAUC:type=Classic,88,0.8601780631023865
validation,PRAUC:type=Classic,89,0.8607449060005397
validation,PRAUC:type=Classic,90,0.8608665340227037
validation,PRAUC:type=Classic,91,0.8626006602722324
validation,PRAUC:type=Classic,92,0.8637689782970744
validation,PRAUC:type=Classic,93,0.8645336190598837
validation,PRAUC:type=Classic,94,0.8651658126338361
validation,PRAUC:type=Classic,95,0.8652827806751666
validation,PRAUC:type=Classic,96,0.8652897114089405
validation,PRAUC:type=Classic,97,0.8654185749660018
validation,PRAUC:type=Classic,98,0.8660222454634176
validation,PRAUC:type=Classic,99,0.8666569934306477
validation,PRAUC:type=Classic,100,0.867223458401512
validation,PRAUC:type=Classic,101,0.8689782274893377
validation,PRAUC:type=Classic,102,0.8692211372838655
validation,PRAUC:type=Classic,103,0.8694255201794693
validation,PRAUC:type=Classic,104,0.8695214174329685
validation,PRAUC:type=Classic,105,0.8700675732891913
validation,PRAUC:type=Classic,106,0.8706065681110018
validation,PRAUC:type=Classic,107,0.8708425821333355
validation,PRAUC:type=Classic,108,0.8709730618122895
validation,PRAUC:type=Classic,109,0.8712555908885553
validation,PRAUC:type=Classic,110,0.8713192055828243
validation,PRAUC:type=Classic,111,0.8724800699811452
validation,PRAUC:type=Classic,112,0.8739150674856629
validation,PRAUC:type=Classic,113,0.8742084610250592
validation,PRAUC:type=Classic,114,0.8742823869980872
validation,PRAUC:type=Classic,115,0.8750775263425684
validation,PRAUC:type=Classic,116,0.875293084279906
validation,PRAUC:type=Classic,117,0.8752872237376177
validation,PRAUC:type=Classic,118,0.8763623739750492
validation,PRAUC:type=Classic,119,0.876543441581592
validation,PRAUC:type=Classic,120,0.8779301092216587
validation,PRAUC:type=Classic,121,0.8787862407444036
validation,PRAUC:type=Classic,122,0.8789441177336598
validation,PRAUC:type=Classic,123,0.8793145490667607
validation,PRAUC:type=Classic,124,0.8793431603289111
validation,PRAUC:type=Classic,125,0.8804901944088442
validation,PRAUC:type=Classic,126,0.8805531920091388
validation,PRAUC:type=Classic,127,0.8815333651232532
validation,PRAUC:type=Classic,128,0.8825524502706222
validation,PRAUC:type=Classic,129,0.8830241308037442
validation,PRAUC:type=Classic,130,0.8833692141199797
validation,PRAUC:type=Classic,131,0.8835571988723002
validation,PRAUC:type=Classic,132,0.8837211649169776
validation,PRAUC:type=Classic,133,0.8839534132456673
validation,PRAUC:type=Classic,134,0.8848049396237615
validation,PRAUC:type=Classic,135,0.8850733546292501
validation,PRAUC:type=Classic,136,0.8854843289231628
validation,PRAUC:type=Classic,137,0.885561256231089
validation,PRAUC:type=Classic,138,0.8862746219903038
validation,PRAUC:type=Classic,139,0.8863622943452781
validation,PRAUC:type=Classic,140,0.8870627641282223
validation,PRAUC:type=Classic,141,0.8871765818170023
validation,PRAUC:type=Classic,142,0.8884815104660115
validation,PRAUC:type=Classic,143,0.8886767168893402
validation,PRAUC:type=Classic,144,0.889813512189379
validation,PRAUC:type=Classic,145,0.890269710313337
validation,PRAUC:type=Classic,146,0.8909437406045908
validation,PRAUC:type=Classic,147,0.891170578310625
validation,PRAUC:type=Classic,148,0.8912916746545405
validation,PRAUC:type=Classic,149,0.8914822081515726
validation,PRAUC:type=Classic,150,0.8917920226619941
validation,PRAUC:type=Classic,151,0.8923501930666119
validation,PRAUC:type=Classic,152,0.8928115819731918
validation,PRAUC:type=Classic,153,0.8927557104513294
validation,PRAUC:type=Classic,154,0.8927524710780984
validation,PRAUC:type=Classic,155,0.8938251129633723
validation,PRAUC:type=Classic,156,0.893999509770176
validation,PRAUC:type=Classic,157,0.8944592661989749
validation,PRAUC:type=Classic,158,0.8945335859065097
validation,PRAUC:type=Classic,159,0.8949035791043182
validation,PRAUC:type=Classic,160,0.894878969856577
validation,PRAUC:type=Classic,161,0.8954757761883044
validation,PRAUC:type=Classic,162,0.8953104892228417
validation,PRAUC:type=Classic,163,0.8958538151263179
validation,PRAUC:type=Classic,164,0.8959820568771424
validation,PRAUC:type=Classic,165,0.8960731658794492
validation,PRAUC:type=Classic,166,0.8960317802136717
validation,PRAUC:type=Classic,167,0.896006856427805
validation,PRAUC:type=Classic,168,0.896328624081684
validation,PRAUC:type=Classic,169,0.896549266559168
validation,PRAUC:type=Classic,170,0.8968536248878926
validation,PRAUC:type=Classic,171,0.8970582465161928
validation,PRAUC:type=Classic,172,0.8972883823248176
validation,PRAUC:type=Classic,173,0.8973945782700756
validation,PRAUC:type=Classic,174,0.8974253625101366
validation,PRAUC:type=Classic,175,0.8975576322365847
validation,PRAUC:type=Classic,176,0.8976652228116508
validation,PRAUC:type=Classic,177,0.8978773968713015
validation,PRAUC:type=Classic,178,0.8981058677955353
validation,PRAUC:type=Classic,179,0.8980889929658487
validation,PRAUC:type=Classic,180,0.8983344746907713
validation,PRAUC:type=Classic,181,0.8983692346025933
validation,PRAUC:type=Classic,182,0.8983246593179106
validation,PRAUC:type=Classic,183,0.8982701656702319
validation,PRAUC:type=Classic,184,0.8988898473756086
validation,PRAUC:type=Classic,185,0.899135171685755
validation,PRAUC:type=Classic,186,0.899158109355823
validation,PRAUC:type=Classic,187,0.8991112135276149
validation,PRAUC:type=Classic,188,0.8993830548828409
validation,PRAUC:type=Classic,189,0.9000969218774363
validation,PRAUC:type=Classic,190,0.9007941394742646
validation,PRAUC:type=Classic,191,0.9007715835725641
validation,PRAUC:type=Classic,192,0.9006221577495045
validation,PRAUC:type=Classic,193,0.9010746210278057
validation,PRAUC:type=Classic,194,0.90111474735763
validation,PRAUC:type=Classic,195,0.9014647197872274
validation,PRAUC:type=Classic,196,0.9016047935092134
validation,PRAUC:type=Classic,197,0.9017745731335265
validation,PRAUC:type=Classic,198,0.9019226585007739
validation,PRAUC:type=Classic,199,0.9021274118367159
validation,PRAUC:type=Classic,200,0.9022039481195241
validation,PRAUC:type=Classic,201,0.9021312625347907
validation,PRAUC:type=Classic,202,0.9021939679754488
validation,PRAUC:type=Classic,203,0.9026129695070458
validation,PRAUC:type=Classic,204,0.902919487616525
validation,PRAUC:type=Classic,205,0.9031851461748547
validation,PRAUC:type=Classic,206,0.9034379730910675
validation,PRAUC:type=Classic,207,0.9037835157589569
validation,PRAUC:type=Classic,208,0.9042190518833615
validation,PRAUC:type=Classic,209,0.904405590431853
validation,PRAUC:type=Classic,210,0.9044348331955375
validation,PRAUC:type=Classic,211,0.9044582854066336
validation,PRAUC:type=Classic,212,0.9045229134780026
validation,PRAUC:type=Classic,213,0.9046904930168569
validation,PRAUC:type=Classic,214,0.9047922564848122
validation,PRAUC:type=Classic,215,0.9050532342037527
validation,PRAUC:type=Classic,216,0.9049798600585173
validation,PRAUC:type=Classic,217,0.9055842025858155
validation,PRAUC:type=Classic,218,0.9054987014543882
validation,PRAUC:type=Classic,219,0.9056530721296453
validation,PRAUC:type=Classic,220,0.9059632730688462
validation,PRAUC:type=Classic,221,0.9059992958380738
validation,PRAUC:type=Classic,222,0.9060587717162124
validation,PRAUC:type=Classic,223,0.9070098316230742
validation,PRAUC:type=Classic,224,0.9070872344334271
validation,PRAUC:type=Classic,225,0.9070900431225515
validation,PRAUC:type=Classic,226,0.9075645502287606
validation,PRAUC:type=Classic,227,0.9080002098424994
validation,PRAUC:type=Classic,228,0.9081153838431335
validation,PRAUC:type=Classic,229,0.9080019479771086
validation,PRAUC:type=Classic,230,0.9079692916529337
validation,PRAUC:type=Classic,231,0.9080314945467142
validation,PRAUC:type=Classic,232,0.9084937861729343
validation,PRAUC:type=Classic,233,0.908556015728456
validation,PRAUC:type=Classic,234,0.9088561654727327
validation,PRAUC:type=Classic,235,0.90918935508785
validation,PRAUC:type=Classic,236,0.9092466406374686
validation,PRAUC:type=Classic,237,0.9093216369925874
validation,PRAUC:type=Classic,238,0.9093271451837681
validation,PRAUC:type=Classic,239,0.9092998107656983
validation,PRAUC:type=Classic,240,0.9092968503256613
validation,PRAUC:type=Classic,241,0.9093600945609226
validation,PRAUC:type=Classic,242,0.9093704149372704
validation,PRAUC:type=Classic,243,0.909658918236264
validation,PRAUC:type=Classic,244,0.9096156407295047
validation,PRAUC:type=Classic,245,0.9097441218312214
validation,PRAUC:type=Classic,246,0.9100410819249897
validation,PRAUC:type=Classic,247,0.9101476648450354
validation,PRAUC:type=Classic,248,0.9109295205262005
validation,PRAUC:type=Classic,249,0.9110231923742973
validation,PRAUC:type=Classic,250,0.9109256132450325
validation,PRAUC:type=Classic,251,0.9109273677281169
validation,PRAUC:type=Classic,252,0.9109204090467703
validation,PRAUC:type=Classic,253,0.9109344948493002
validation,PRAUC:type=Classic,254,0.9109935626506137
validation,PRAUC:type=Classic,255,0.9110180997267626
validation,PRAUC:type=Classic,256,0.9110186907815664
validation,PRAUC:type=Classic,257,0.9111022847516963
validation,PRAUC:type=Classic,258,0.911058005602509
validation,PRAUC:type=Classic,259,0.9109996312674431
validation,PRAUC:type=Classic,260,0.911287353044956
validation,PRAUC:type=Classic,261,0.9115096351887977
validation,PRAUC:type=Classic,262,0.9115026032473852
validation,PRAUC:type=Classic,263,0.9117954888245425
validation,PRAUC:type=Classic,264,0.9118656413122257
validation,PRAUC:type=Classic,265,0.9122572910211878
validation,PRAUC:type=Classic,266,0.9122276717228567
validation,PRAUC:type=Classic,267,0.9121125397455693
validation,PRAUC:type=Classic,268,0.9120393798157259
validation,PRAUC:type=Classic,269,0.912315931422154
validation,PRAUC:type=Classic,270,0.9126936674642059
validation,PRAUC:type=Classic,271,0.9128252112855975
validation,PRAUC:type=Classic,272,0.9128560347176959
validation,PRAUC:type=Classic,273,0.9130158018491576
validation,PRAUC:type=Classic,274,0.9130498914318588
validation,PRAUC:type=Classic,275,0.9132482422084809
validation,PRAUC:type=Classic,276,0.9132606166704811
validation,PRAUC:type=Classic,277,0.9133912148331438
validation,PRAUC:type=Classic,278,0.9135527509640975
validation,PRAUC:type=Classic,279,0.9135823050412031
validation,PRAUC:type=Classic,280,0.9137034104307149
validation,PRAUC:type=Classic,281,0.9140990959605146
validation,PRAUC:type=Classic,282,0.9140906110604181
validation,PRAUC:type=Classic,283,0.9143279918501972
validation,PRAUC:type=Classic,284,0.9143139275262293
validation,PRAUC:type=Classic,285,0.9143254190293728
validation,PRAUC:type=Classic,286,0.9143396253848415
validation,PRAUC:type=Classic,287,0.9145769536342918
validation,PRAUC:type=Classic,288,0.9145658531385124
validation,PRAUC:type=Classic,289,0.9145555387714852
validation,PRAUC:type=Classic,290,0.9147155420751105
validation,PRAUC:type=Classic,291,0.9147708294240486
validation,PRAUC:type=Classic,292,0.9150799573747159
validation,PRAUC:type=Classic,293,0.9152279212326948
validation,PRAUC:type=Classic,294,0.9153646459785689
validation,PRAUC:type=Classic,295,0.9157857426645284
validation,PRAUC:type=Classic,296,0.9157289061972322
validation,PRAUC:type=Classic,297,0.9157350683796459
validation,PRAUC:type=Classic,298,0.9157515725963739
validation,PRAUC:type=Classic,299,0.9161276095280537
validation,PRAUC:type=Classic,300,0.9161204433340342
validation,PRAUC:type=Classic,301,0.9161834975992227
validation,PRAUC:type=Classic,302,0.9165598764985654
validation,PRAUC:type=Classic,303,0.9165422285347256
validation,PRAUC:type=Classic,304,0.9167061705088237
validation,PRAUC:type=Classic,305,0.9167249981946746
validation,PRAUC:type=Classic,306,0.9170928832727432
validation,PRAUC:type=Classic,307,0.9172491250731047
validation,PRAUC:type=Classic,308,0.917215890915881
validation,PRAUC:type=Classic,309,0.917233417660811
validation,PRAUC:type=Classic,310,0.9172636798778395
validation,PRAUC:type=Classic,311,0.9175474055410082
validation,PRAUC:type=Classic,312,0.9177140149970875
validation,PRAUC:type=Classic,313,0.9177074928626534
validation,PRAUC:type=Classic,314,0.9176933029320415
validation,PRAUC:type=Classic,315,0.9177088277935224
validation,PRAUC:type=Classic,316,0.9179806410167421
validation,PRAUC:type=Classic,317,0.9178942187880874
validation,PRAUC:type=Classic,318,0.9180387902895109
validation,PRAUC:type=Classic,319,0.9180988696800276
validation,PRAUC:type=Classic,320,0.9181087918335202
validation,PRAUC:type=Classic,321,0.9181502519199682
validation,PRAUC:type=Classic,322,0.918135495079605
validation,PRAUC:type=Classic,323,0.9183125696030885
validation,PRAUC:type=Classic,324,0.9185667786790432
validation,PRAUC:type=Classic,325,0.918519958181746
validation,PRAUC:type=Classic,326,0.9185177598014271
validation,PRAUC:type=Classic,327,0.9184146414206023
validation,PRAUC:type=Classic,328,0.918534652043234
validation,PRAUC:type=Classic,329,0.9185495268795705
validation,PRAUC:type=Classic,330,0.9185296430106111
validation,PRAUC:type=Classic,331,0.9184829469688089
validation,PRAUC:type=Classic,332,0.9187074809579732
validation,PRAUC:type=Classic,333,0.9186976153035025
validation,PRAUC:type=Classic,334,0.9187471307741029
validation,PRAUC:type=Classic,335,0.9187799228352016
validation,PRAUC:type=Classic,336,0.9187956856540327
validation,PRAUC:type=Classic,337,0.9189278203615874
validation,PRAUC:type=Classic,338,0.9188130093400966
validation,PRAUC:type=Classic,339,0.9187577417242891
validation,PRAUC:type=Classic,340,0.9187256437812907
validation,PRAUC:type=Classic,341,0.9187468049192877
validation,PRAUC:type=Classic,342,0.9189475771931279
validation,PRAUC:type=Classic,343,0.9190812908172863
validation,PRAUC:type=Classic,344,0.9190784207307758
validation,PRAUC:type=Classic,345,0.9191509325049727
validation,PRAUC:type=Classic,346,0.9191719745073597
validation,PRAUC:type=Classic,347,0.9191886062010728
validation,PRAUC:type=Classic,348,0.9191435133114751
validation,PRAUC:type=Classic,349,0.9191600648513605
validation,PRAUC:type=Classic,350,0.9193170966569215
validation,PRAUC:type=Classic,351,0.9195560556441669
validation,PRAUC:type=Classic,352,0.9195184798515528
validation,PRAUC:type=Classic,353,0.9195415542313918
validation,PRAUC:type=Classic,354,0.9195910318362928
validation,PRAUC:type=Classic,355,0.9195474754117485
validation,PRAUC:type=Classic,356,0.9197243867407474
validation,PRAUC:type=Classic,357,0.9198232573698779
validation,PRAUC:type=Classic,358,0.9197065292374631
validation,PRAUC:type=Classic,359,0.9198840172617491
validation,PRAUC:type=Classic,360,0.9198301062093812
validation,PRAUC:type=Classic,361,0.9198209770911483
validation,PRAUC:type=Classic,362,0.9198663374523677
validation,PRAUC:type=Classic,363,0.9198134260848583
validation,PRAUC:type=Classic,364,0.9200042639397015
validation,PRAUC:type=Classic,365,0.9200524674566763
validation,PRAUC:type=Classic,366,0.9202657327260624
validation,PRAUC:type=Classic,367,0.9202241479918545
validation,PRAUC:type=Classic,368,0.9202129424418446
validation,PRAUC:type=Classic,369,0.9202518361134047
validation,PRAUC:type=Classic,370,0.9202573268418677
validation,PRAUC:type=Classic,371,0.9203215889190146
validation,PRAUC:type=Classic,372,0.9203382297439218
validation,PRAUC:type=Classic,373,0.9203080336499849
validation,PRAUC:type=Classic,374,0.9203526060940719
validation,PRAUC:type=Classic,375,0.9203520816420445
validation,PRAUC:type=Classic,376,0.9204766656581078
validation,PRAUC:type=Classic,377,0.9204938943743104
validation,PRAUC:type=Classic,378,0.9205223066161607
validation,PRAUC:type=Classic,379,0.9205067399821056
validation,PRAUC:type=Classic,380,0.9204798682063968
validation,PRAUC:type=Classic,381,0.9204274087717104
validation,PRAUC:type=Classic,382,0.9204506298679634
validation,PRAUC:type=Classic,383,0.9204533087103846
validation,PRAUC:type=Classic,384,0.9204296391896571
validation,PRAUC:type=Classic,385,0.9204251772276646
validation,PRAUC:type=Classic,386,0.9204361399637501
validation,PRAUC:type=Classic,387,0.9204671353820785
validation,PRAUC:type=Classic,388,0.9204254472976021
validation,PRAUC:type=Classic,389,0.9203966120830752
validation,PRAUC:type=Classic,390,0.9204079279516741
validation,PRAUC:type=Classic,391,0.9204689009321664
validation,PRAUC:type=Classic,392,0.9204876514966596
validation,PRAUC:type=Classic,393,0.920605874476591
validation,PRAUC:type=Classic,394,0.920655568239155
validation,PRAUC:type=Classic,395,0.920762888490118
validation,PRAUC:type=Classic,396,0.9207718117868458
validation,PRAUC:type=Classic,397,0.920755835803138
validation,PRAUC:type=Classic,398,0.9207454187103425
validation,PRAUC:type=Classic,399,0.9207415751983037
validation,PRAUC:type=Classic,400,0.9207681331830135
validation,PRAUC:type=Classic,401,0.9207911095198389
validation,PRAUC:type=Classic,402,0.9207569232718349
validation,PRAUC:type=Classic,403,0.9208860158825811
validation,PRAUC:type=Classic,404,0.921103063878862
validation,PRAUC:type=Classic,405,0.9211654001501606
validation,PRAUC:type=Classic,406,0.9211930235007428
validation,PRAUC:type=Classic,407,0.9211774387545986
validation,PRAUC:type=Classic,408,0.9211575328238968
validation,PRAUC:type=Classic,409,0.9211276515563827
validation,PRAUC:type=Classic,410,0.9211001538114325
validation,PRAUC:type=Classic,411,0.9210813004438534
validation,PRAUC:type=Classic,412,0.9212435529242788
validation,PRAUC:type=Classic,413,0.9212437728190632
validation,PRAUC:type=Classic,414,0.9212522408587562
validation,PRAUC:type=Classic,415,0.9212458133823007
validation,PRAUC:type=Classic,416,0.921257150960926
validation,PRAUC:type=Classic,417,0.9214060341699915
validation,PRAUC:type=Classic,418,0.9214189283539622
validation,PRAUC:type=Classic,419,0.9213674896067456
validation,PRAUC:type=Classic,420,0.921385778307449
validation,PRAUC:type=Classic,421,0.921540628690896
validation,PRAUC:type=Classic,422,0.9216314466911038
validation,PRAUC:type=Classic,423,0.9216712562962706
validation,PRAUC:type=Classic,424,0.9218863337944303
validation,PRAUC:type=Classic,425,0.9219465559387907
validation,PRAUC:type=Classic,426,0.9220766673707024
validation,PRAUC:type=Classic,427,0.9221390337588131
validation,PRAUC:type=Classic,428,0.9221183896516507
validation,PRAUC:type=Classic,429,0.9222898979271915
validation,PRAUC:type=Classic,430,0.92227388629071
validation,PRAUC:type=Classic,431,0.9223119486141796
validation,PRAUC:type=Classic,432,0.9223542426682507
validation,PRAUC:type=Classic,433,0.922496757307538
validation,PRAUC:type=Classic,434,0.9225116598039717
validation,PRAUC:type=Classic,435,0.9226211373601949
validation,PRAUC:type=Classic,436,0.9226188394001696
validation,PRAUC:type=Classic,437,0.9227562715369676
validation,PRAUC:type=Classic,438,0.9228435209645848
validation,PRAUC:type=Classic,439,0.9228311560782619
validation,PRAUC:type=Classic,440,0.9228220453696507
validation,PRAUC:type=Classic,441,0.922932090968547
validation,PRAUC:type=Classic,442,0.9229278226008797
validation,PRAUC:type=Classic,443,0.922990726710071
validation,PRAUC:type=Classic,444,0.9230164986600204
validation,PRAUC:type=Classic,445,0.9229362575059721
validation,PRAUC:type=Classic,446,0.9229528350910352
validation,PRAUC:type=Classic,447,0.9230551174291883
validation,PRAUC:type=Classic,448,0.9230258802936482
validation,PRAUC:type=Classic,449,0.9230735725921924
validation,PRAUC:type=Classic,450,0.9230535677214797
validation,PRAUC:type=Classic,451,0.9231624407055982
validation,PRAUC:type=Classic,452,0.9232369006223164
validation,PRAUC:type=Classic,453,0.9232909427506819
validation,PRAUC:type=Classic,454,0.9232974777281471
validation,PRAUC:type=Classic,455,0.9233243568796188
validation,PRAUC:type=Classic,456,0.9233383156278576
validation,PRAUC:type=Classic,457,0.9233215312483917
validation,PRAUC:type=Classic,458,0.9235985990557494
validation,PRAUC:type=Classic,459,0.9236106534830635
validation,PRAUC:type=Classic,460,0.9236939564115623
validation,PRAUC:type=Classic,461,0.9237578875175734
validation,PRAUC:type=Classic,462,0.923843675850621
validation,PRAUC:type=Classic,463,0.9238897085651958
validation,PRAUC:type=Classic,464,0.9239520707627461
validation,PRAUC:type=Classic,465,0.923949951459581
validation,PRAUC:type=Classic,466,0.9240384057862011
validation,PRAUC:type=Classic,467,0.9241216918948012
validation,PRAUC:type=Classic,468,0.9241259057500577
validation,PRAUC:type=Classic,469,0.9241049733272049
validation,PRAUC:type=Classic,470,0.9241248355469915
validation,PRAUC:type=Classic,471,0.9241619026651773
validation,PRAUC:type=Classic,472,0.9241725084311327
validation,PRAUC:type=Classic,473,0.9242884764433066
validation,PRAUC:type=Classic,474,0.9243548618107384
validation,PRAUC:type=Classic,475,0.9250272867355525
validation,PRAUC:type=Classic,476,0.925053141543812
validation,PRAUC:type=Classic,477,0.9254299139680349
validation,PRAUC:type=Classic,478,0.9257024505127041
validation,PRAUC:type=Classic,479,0.9257199930765658
validation,PRAUC:type=Classic,480,0.925914239484332
validation,PRAUC:type=Classic,481,0.9259108992110779
validation,PRAUC:type=Classic,482,0.9260241988114999
validation,PRAUC:type=Classic,483,0.926138273353577
validation,PRAUC:type=Classic,484,0.9261816183728493
validation,PRAUC:type=Classic,485,0.9262692398208066
validation,PRAUC:type=Classic,486,0.9262725994323764
validation,PRAUC:type=Classic,487,0.9263560217188067
validation,PRAUC:type=Classic,488,0.9264207589293076
validation,PRAUC:type=Classic,489,0.9263996400673649
validation,PRAUC:type=Classic,490,0.9264128745421525
validation,PRAUC:type=Classic,491,0.9264245493043137
validation,PRAUC:type=Classic,492,0.9264358695926218
validation,PRAUC:type=Classic,493,0.92643155087677
validation,PRAUC:type=Classic,494,0.9264531355951582
validation,PRAUC:type=Classic,495,0.9265383051943565
validation,PRAUC:type=Classic,496,0.9265693527975092
validation,PRAUC:type=Classic,497,0.9265946634012994
validation,PRAUC:type=Classic,498,0.926614519387789
validation,PRAUC:type=Classic,499,0.926629743304328
validation,PRAUC:type=Classic,500,0.926613077943989
validation,PRAUC:type=Classic,501,0.9266228641598773
validation,PRAUC:type=Classic,502,0.926570785756722
validation,PRAUC:type=Classic,503,0.926632407024611
validation,PRAUC:type=Classic,504,0.9266380049590341
validation,PRAUC:type=Classic,505,0.9266151369860725
validation,PRAUC:type=Classic,506,0.9266011971894729
validation,PRAUC:type=Classic,507,0.9266372490240222
validation,PRAUC:type=Classic,508,0.9266512176501578
validation,PRAUC:type=Classic,509,0.9266325704861309
validation,PRAUC:type=Classic,510,0.9266527313530659
validation,PRAUC:type=Classic,511,0.926565213373238
validation,PRAUC:type=Classic,512,0.926598891335674
validation,PRAUC:type=Classic,513,0.9265884331007304
validation,PRAUC:type=Classic,514,0.9265860599138724
validation,PRAUC:type=Classic,515,0.926604056256102
validation,PRAUC:type=Classic,516,0.9265724171592572
validation,PRAUC:type=Classic,517,0.9265952576687492
validation,PRAUC:type=Classic,518,0.9266095850231129
validation,PRAUC:type=Classic,519,0.9266387903332352
validation,PRAUC:type=Classic,520,0.9266481726566951
validation,PRAUC:type=Classic,521,0.9265968452302549
validation,PRAUC:type=Classic,522,0.9266060831602678
validation,PRAUC:type=Classic,523,0.9266012127192542
validation,PRAUC:type=Classic,524,0.9266264706472913
validation,PRAUC:type=Classic,525,0.9265811585382548
validation,PRAUC:type=Classic,526,0.9265936066486045
validation,PRAUC:type=Classic,527,0.9266233257900189
validation,PRAUC:type=Classic,528,0.9266252118463161
validation,PRAUC:type=Classic,529,0.9266296744845699
validation,PRAUC:type=Classic,530,0.9266118371810377
validation,PRAUC:type=Classic,531,0.9266077879800183
validation,PRAUC:type=Classic,532,0.9266235258773772
validation,PRAUC:type=Classic,533,0.9265634138523537
validation,PRAUC:type=Classic,534,0.9265638168995052
validation,PRAUC:type=Classic,535,0.9265406061970196
validation,PRAUC:type=Classic,536,0.926513370284479
validation,PRAUC:type=Classic,537,0.9265005324740925
validation,PRAUC:type=Classic,538,0.9265592446453219
validation,PRAUC:type=Classic,539,0.9265211714681492
validation,PRAUC:type=Classic,540,0.926592377332125
validation,PRAUC:type=Classic,541,0.9266487386746347
validation,PRAUC:type=Classic,542,0.9266279553096519
validation,PRAUC:type=Classic,543,0.9266773514916846
validation,PRAUC:type=Classic,544,0.9266469365872614
validation,PRAUC:type=Classic,545,0.92665876528696
validation,PRAUC:type=Classic,546,0.9266750711278398
validation,PRAUC:type=Classic,547,0.9267355294452182
validation,PRAUC:type=Classic,548,0.9267383366076121
validation,PRAUC:type=Classic,549,0.9267688628939026
validation,PRAUC:type=Classic,550,0.9267284620181948
validation,PRAUC:type=Classic,551,0.9267650491964265
validation,PRAUC:type=Classic,552,0.9268569226810188
validation,PRAUC:type=Classic,553,0.9268590898611804
validation,PRAUC:type=Classic,554,0.9269141372329539
validation,PRAUC:type=Classic,555,0.9269027539772821
validation,PRAUC:type=Classic,556,0.9268894869943538
validation,PRAUC:type=Classic,557,0.9268237106263613
validation,PRAUC:type=Classic,558,0.9268510144998259
validation,PRAUC:type=Classic,559,0.9268831243349624
validation,PRAUC:type=Classic,560,0.9268664114352234
validation,PRAUC:type=Classic,561,0.9268677055558472
validation,PRAUC:type=Classic,562,0.9267946461042573
validation,PRAUC:type=Classic,563,0.9268272201597194
validation,PRAUC:type=Classic,564,0.92735010499654
validation,PRAUC:type=Classic,565,0.927385965012913
validation,PRAUC:type=Classic,566,0.9275725628336071
validation,PRAUC:type=Classic,567,0.9275884863314365
validation,PRAUC:type=Classic,568,0.9276337010137579
validation,PRAUC:type=Classic,569,0.9276425563990849
validation,PRAUC:type=Classic,570,0.9276525330086582
validation,PRAUC:type=Classic,571,0.9278294537026575
validation,PRAUC:type=Classic,572,0.9278759968583761
validation,PRAUC:type=Classic,573,0.9278646428744182
validation,PRAUC:type=Classic,574,0.9278728076898071
validation,PRAUC:type=Classic,575,0.9279108403327785
validation,PRAUC:type=Classic,576,0.9279546592837293
validation,PRAUC:type=Classic,577,0.9280031449273243
validation,PRAUC:type=Classic,578,0.9279873013967876
validation,PRAUC:type=Classic,579,0.9279468016182899
validation,PRAUC:type=Classic,580,0.9281660265350353
validation,PRAUC:type=Classic,581,0.928150191021134
validation,PRAUC:type=Classic,582,0.9281358348344466
validation,PRAUC:type=Classic,583,0.928089350095713
validation,PRAUC:type=Classic,584,0.928106910949579
validation,PRAUC:type=Classic,585,0.9282660520812909
validation,PRAUC:type=Classic,586,0.9282416488987562
validation,PRAUC:type=Classic,587,0.9282488276988885
validation,PRAUC:type=Classic,588,0.9282450319683759
validation,PRAUC:type=Classic,589,0.9283062768604977
validation,PRAUC:type=Classic,590,0.9282986489020328
validation,PRAUC:type=Classic,591,0.9282633728295457
validation,PRAUC:type=Classic,592,0.9283052375769503
validation,PRAUC:type=Classic,593,0.9283140013102811
validation,PRAUC:type=Classic,594,0.928323282547997
validation,PRAUC:type=Classic,595,0.928330540123568
validation,PRAUC:type=Classic,596,0.9283438967188693
validation,PRAUC:type=Classic,597,0.9283869394983584
validation,PRAUC:type=Classic,598,0.9284038025148449
validation,PRAUC:type=Classic,599,0.9283878313165823
validation,PRAUC:type=Classic,600,0.9283900756404577
validation,PRAUC:type=Classic,601,0.9284616306294096
validation,PRAUC:type=Classic,602,0.9284831382697936
validation,PRAUC:type=Classic,603,0.9284590453768335
validation,PRAUC:type=Classic,604,0.9284678641862714
validation,PRAUC:type=Classic,605,0.9284670667501833
validation,PRAUC:type=Classic,606,0.9284746447358994
validation,PRAUC:type=Classic,607,0.9284898012373946
validation,PRAUC:type=Classic,608,0.9284885944721666
validation,PRAUC:type=Classic,609,0.9284918545770555
validation,PRAUC:type=Classic,610,0.9284464205705034
validation,PRAUC:type=Classic,611,0.9286895510577349
validation,PRAUC:type=Classic,612,0.928744221398422
validation,PRAUC:type=Classic,613,0.9287284935206677
validation,PRAUC:type=Classic,614,0.928742555775752
validation,PRAUC:type=Classic,615,0.9288133503425193
validation,PRAUC:type=Classic,616,0.92881792954231
validation,PRAUC:type=Classic,617,0.9287551185980103
validation,PRAUC:type=Classic,618,0.9289053800757041
validation,PRAUC:type=Classic,619,0.9290819877238867
validation,PRAUC:type=Classic,620,0.9290748963453188
validation,PRAUC:type=Classic,621,0.9290691049321538
validation,PRAUC:type=Classic,622,0.9291099806351313
validation,PRAUC:type=Classic,623,0.9290657832259868
validation,PRAUC:type=Classic,624,0.9291020482516774
validation,PRAUC:type=Classic,625,0.9291597258310533
validation,PRAUC:type=Classic,626,0.929139355090949
validation,PRAUC:type=Classic,627,0.9291450950520785
validation,PRAUC:type=Classic,628,0.9291566899209416
validation,PRAUC:type=Classic,629,0.9291902366876237
validation,PRAUC:type=Classic,630,0.9291986468527684
validation,PRAUC:type=Classic,631,0.9292071793464467
validation,PRAUC:type=Classic,632,0.9292493089271869
validation,PRAUC:type=Classic,633,0.929418129040688
validation,PRAUC:type=Classic,634,0.9294472566792238
validation,PRAUC:type=Classic,635,0.9294313039015267
validation,PRAUC:type=Classic,636,0.9294384563490057
validation,PRAUC:type=Classic,637,0.9294059320316561
validation,PRAUC:type=Classic,638,0.9294062989726541
validation,PRAUC:type=Classic,639,0.9294428471545357
validation,PRAUC:type=Classic,640,0.9294486069364636
validation,PRAUC:type=Classic,641,0.929435888440985
validation,PRAUC:type=Classic,642,0.9294875926067068
validation,PRAUC:type=Classic,643,0.9295239284627281
validation,PRAUC:type=Classic,644,0.9296711883341193
validation,PRAUC:type=Classic,645,0.9296744301608755
validation,PRAUC:type=Classic,646,0.9296793366074194
validation,PRAUC:type=Classic,647,0.9297964603898092
validation,PRAUC:type=Classic,648,0.929778055689624
validation,PRAUC:type=Classic,649,0.9299382581078943
validation,PRAUC:type=Classic,650,0.9298859435596945
validation,PRAUC:type=Classic,651,0.9298882846352379
validation,PRAUC:type=Classic,652,0.9298858719219394
validation,PRAUC:type=Classic,653,0.9298935161585387
validation,PRAUC:type=Classic,654,0.9299122814977994
validation,PRAUC:type=Classic,655,0.9299096476951523
validation,PRAUC:type=Classic,656,0.9299441411549461
validation,PRAUC:type=Classic,657,0.9299608870123075
validation,PRAUC:type=Classic,658,0.9299978424564022
validation,PRAUC:type=Classic,659,0.9301014542928032
validation,PRAUC:type=Classic,660,0.9302323707986879
validation,PRAUC:type=Classic,661,0.9302069452726276
validation,PRAUC:type=Classic,662,0.9302037535913807
validation,PRAUC:type=Classic,663,0.9301921838781453
validation,PRAUC:type=Classic,664,0.9302685275521945
validation,PRAUC:type=Classic,665,0.930471528376436
validation,PRAUC:type=Classic,666,0.9304710338300779
validation,PRAUC:type=Classic,667,0.9304806314136107
validation,PRAUC:type=Classic,668,0.9305618437546668
validation,PRAUC:type=Classic,669,0.9306635525586675
validation,PRAUC:type=Classic,670,0.9307567477191108
validation,PRAUC:type=Classic,671,0.9308261696659779
validation,PRAUC:type=Classic,672,0.9308199830899055
validation,PRAUC:type=Classic,673,0.9307935065060151
validation,PRAUC:type=Classic,674,0.9308468027468353
validation,PRAUC:type=Classic,675,0.9308394767717829
validation,PRAUC:type=Classic,676,0.9308810605787543
validation,PRAUC:type=Classic,677,0.9309117500846005
validation,PRAUC:type=Classic,678,0.9309130237651448
validation,PRAUC:type=Classic,679,0.9309456920784045
validation,PRAUC:type=Classic,680,0.931021447829425
validation,PRAUC:type=Classic,681,0.9310245028455195
validation,PRAUC:type=Classic,682,0.9311500160403232
validation,PRAUC:type=Classic,683,0.9311299760512761
validation,PRAUC:type=Classic,684,0.9311402707791665
validation,PRAUC:type=Classic,685,0.9311339941772674
validation,PRAUC:type=Classic,686,0.9311560928091693
validation,PRAUC:type=Classic,687,0.9311506071972477
validation,PRAUC:type=Classic,688,0.9311196166732043
validation,PRAUC:type=Classic,689,0.9311812388674099
validation,PRAUC:type=Classic,690,0.931209826721906
validation,PRAUC:type=Classic,691,0.9312148099475999
validation,PRAUC:type=Classic,692,0.9312298164446771
validation,PRAUC:type=Classic,693,0.9312451997637892
validation,PRAUC:type=Classic,694,0.9312560793200146
validation,PRAUC:type=Classic,695,0.9312651220042238
validation,PRAUC:type=Classic,696,0.931283206265644
validation,PRAUC:type=Classic,697,0.9312885131377842
validation,PRAUC:type=Classic,698,0.9312964053707451
validation,PRAUC:type=Classic,699,0.9312799194882284
validation,PRAUC:type=Classic,700,0.9312396247552572
validation,PRAUC:type=Classic,701,0.9312601563767837
validation,PRAUC:type=Classic,702,0.9312052806602729
validation,PRAUC:type=Classic,703,0.9311518808798578
validation,PRAUC:type=Classic,704,0.9311806988496303
validation,PRAUC:type=Classic,705,0.9311984642643827
validation,PRAUC:type=Classic,706,0.9312110713160213
validation,PRAUC:type=Classic,707,0.9312620929570665
validation,PRAUC:type=Classic,708,0.9312935022903746
validation,PRAUC:type=Classic,709,0.9313387664892803
validation,PRAUC:type=Classic,710,0.9313385457377037
validation,PRAUC:type=Classic,711,0.9315162117919296
validation,PRAUC:type=Classic,712,0.9315537100569784
validation,PRAUC:type=Classic,713,0.9315861387863047
validation,PRAUC:type=Classic,714,0.9316158984916474
validation,PRAUC:type=Classic,715,0.9315447054567281
validation,PRAUC:type=Classic,716,0.9315960304716324
validation,PRAUC:type=Classic,717,0.9315993289302194
validation,PRAUC:type=Classic,718,0.9316303004497979
validation,PRAUC:type=Classic,719,0.9315876267705261
validation,PRAUC:type=Classic,720,0.9315043094793198
validation,PRAUC:type=Classic,721,0.9315234299358226
validation,PRAUC:type=Classic,722,0.9316112960447795
validation,PRAUC:type=Classic,723,0.9316066138401728
validation,PRAUC:type=Classic,724,0.931588253070204
validation,PRAUC:type=Classic,725,0.9315357038374981
validation,PRAUC:type=Classic,726,0.9314651647010095
validation,PRAUC:type=Classic,727,0.9315119755299317
validation,PRAUC:type=Classic,728,0.931508301582687
validation,PRAUC:type=Classic,729,0.9315010784082469
validation,PRAUC:type=Classic,730,0.9314786749634867
validation,PRAUC:type=Classic,731,0.9314856331285917
validation,PRAUC:type=Classic,732,0.9314839581496654
validation,PRAUC:type=Classic,733,0.9315157703010601
validation,PRAUC:type=Classic,734,0.9315157290083143
validation,PRAUC:type=Classic,735,0.9315118349832776
validation,PRAUC:type=Classic,736,0.9315009871375663
validation,PRAUC:type=Classic,737,0.9315469925592463
validation,PRAUC:type=Classic,738,0.9315633501997607
validation,PRAUC:type=Classic,739,0.9315768069380836
validation,PRAUC:type=Classic,740,0.9315967869028083
validation,PRAUC:type=Classic,741,0.9315770130577212
validation,PRAUC:type=Classic,742,0.9315814872018888
validation,PRAUC:type=Classic,743,0.9315270040857571
validation,PRAUC:type=Classic,744,0.9314821020991522
validation,PRAUC:type=Classic,745,0.931457619562621
validation,PRAUC:type=Classic,746,0.9314594946660593
validation,PRAUC:type=Classic,747,0.9314686309760367
validation,PRAUC:type=Classic,748,0.9315024148742208
validation,PRAUC:type=Classic,749,0.93145156447312
validation,PRAUC:type=Classic,750,0.9314643261541602
validation,PRAUC:type=Classic,751,0.9314715467024257
validation,PRAUC:type=Classic,752,0.931481778894202
validation,PRAUC:type=Classic,753,0.9315002272050743
validation,PRAUC:type=Classic,754,0.9315189685889156
validation,PRAUC:type=Classic,755,0.9315263540894112
validation,PRAUC:type=Classic,756,0.9315343915694316
validation,PRAUC:type=Classic,757,0.9315413296503232
validation,PRAUC:type=Classic,758,0.9315426372717195
validation,PRAUC:type=Classic,759,0.9315305764269
validation,PRAUC:type=Classic,760,0.9315584750292563
validation,PRAUC:type=Classic,761,0.9315480763693404
validation,PRAUC:type=Classic,762,0.9315543145492455
validation,PRAUC:type=Classic,763,0.9315511946622159
validation,PRAUC:type=Classic,764,0.9315528985045627
validation,PRAUC:type=Classic,765,0.9315704182741777
validation,PRAUC:type=Classic,766,0.9316003292730184
validation,PRAUC:type=Classic,767,0.9315724214674215
validation,PRAUC:type=Classic,768,0.9316016166411352
